desertionNo,filename,happenDt,happenPlace,kindCd,colorCd,age,weight,noticeNo,noticeSdt,noticeEdt,popfile,processState,sexCd,neuterYn,specialMark,careNm,careTel,careAddr,orgNm,chargeNm,officetel,noticeComment
446498202200373,http://www.animal.go.kr/files/shelter/2022/08/202208122108266_s.jpg,8/1/2022,장성읍 대창동,[개] 믹스견,검정,2018(년생),7(Kg),전남-장성-2022-00281,8/12/2022,8/22/2022,http://www.animal.go.kr/files/shelter/2022/08/202208122108266.png,보호중,M,N,일주일 가량 동네를 떠돌던 아이가 배가고팠는지 쓰레기를 뒤진다고 어르신들이 신고해 보호소 입소.,장성군동물보호센터,010-6271-8889,전라남도 장성군 삼서면 대중길 29-27,전라남도 장성군,동물보호담당자,061-390-8425,
442425202200314,http://www.animal.go.kr/files/shelter/2022/08/202208111308711_s.jpg,8/1/2022,홍천읍 너브내길 59,[개] 믹스견,갈색,2019(년생),3.20(Kg),강원-홍천-2022-00211,8/11/2022,8/22/2022,http://www.animal.go.kr/files/shelter/2022/08/202208111308711.jpg,보호중,F,U,너브내길에서 구조,홍천군유기동물보호소,033-434-9435,"강원도 홍천군 화촌면 둔덕이길 68 (화촌면, 홍천군유기동물보호센터)",강원도 홍천군,홍천군,033-430-2741,
444454202200291,http://www.animal.go.kr/files/shelter/2022/07/20220809110878_s.jpg,8/1/2022,논산소방서,[개] 믹스견,황백색,2021(년생),8.3(Kg),충남-논산-2022-00260,8/9/2022,8/19/2022,http://www.animal.go.kr/files/shelter/2022/07/20220809110878.jpg,보호중,F,N,"파보음성(08.01), 코로나 음성(08.01), 홍역 음성(08.01), 종합백신(08.01), 광견병 백신(08.01)",논산시 동물보호센터,041-746-8475,충청남도 논산시 계백로665번길 100 (등화동) 논산시 동물보호센터 더함,충청남도 논산시,논산시,041-746-8471,
441408202200475,http://www.animal.go.kr/files/shelter/2022/07/202208081508797_s.jpg,8/1/2022,화성시 동탄대로 6길 15,[개] 믹스견,갈색/하양,2019(년생),7.6(Kg),경기-안성-2022-00475,8/9/2022,8/19/2022,http://www.animal.go.kr/files/shelter/2022/07/202208081508797.jpg,종료(자연사),F,N,교통사고로 동탄 동물병원 갔다가 안성으로 옴,이성준동물병원,031-673-5858,경기도 안성시 중앙로 431-1 (봉남동),경기도 안성시,안성시,031-678-5493,
431373202200973,http://www.animal.go.kr/files/shelter/2022/07/202208091308928_s.jpg,8/1/2022,남창고등학교 뒷문 인근,[개] 믹스견,연갈색/연회색,2022(년생),4.2(Kg),울산-울주-2022-00571,8/9/2022,8/19/2022,http://www.animal.go.kr/files/shelter/2022/07/202208091308928.jpg,보호중,M,N,순함/3~4개월 추정,울산유기동물보호센터,052-238-6113,울산광역시 울주군 온양읍 발리 1144,울산광역시 울주군,김은지,052-204-1635,
448542202200965,http://www.animal.go.kr/files/shelter/2022/07/202208071108465_s.jpg,8/1/2022,남포로 68번길 71-1,[개] 믹스견,갈검색,2018(년생),7(Kg),경남-고성-2022-00281,8/8/2022,8/16/2022,http://www.animal.go.kr/files/shelter/2022/07/202208071108465.jpg,보호중,F,N,2-277/심장사상충 양성,고성군유기동물보호소,055-670-4316,경상남도 고성군 고성읍 남해안대로 2829-60 고성군농업기술센터 동물보호센터,경상남도 고성군,김우영,055-670-4316,
446497202200130,http://www.animal.go.kr/files/shelter/2022/07/202208051108733_s.jpg,8/1/2022,법성초등학교 부근,[개] 믹스견,흰색,2020(년생),9(Kg),전남-영광-2022-00097,8/5/2022,8/16/2022,http://www.animal.go.kr/files/shelter/2022/07/202208051108733.jpg,보호중,M,N,"들개무리가 어린이와 노인들을 쫓아다니며 위협한다는 파출소 신고로 포획, 야생화 되어 있음",불갑동물임시보호소,010-9188-5525,전라남도 영광군 불갑면 함영로 2758,전라남도 영광군,최영석,061-350-4616,
448545202200081,http://www.animal.go.kr/files/shelter/2022/07/202208041708954_s.jpg,8/1/2022,경남 산청군 신안면 원지로 178 주변,[개] 믹스견,갈색견,2014(년생),5.9(Kg),경남-산청-2022-00083,8/4/2022,8/16/2022,http://www.animal.go.kr/files/shelter/2022/07/202208041708954.jpg,보호중,M,N,구조시 목줄없음,산청동물보호센터,010-2050-8577,경상남도 산청군 산청읍 친환경로 2783-25 (산청읍),경상남도 산청군,백종수,055-970-7844,
448537202200942,http://www.animal.go.kr/files/shelter/2022/07/202208041108538_s.jpg,8/1/2022,옥포대첩로 2길,[개] 믹스견,"갈색,코부분흰색",2021(년생),6(Kg),경남-거제-2022-00790,8/4/2022,8/16/2022,http://www.animal.go.kr/files/shelter/2022/07/202208041108538.jpg,종료(자연사),M,N,순함,거제시유기동물보호소,055-639-6368,"경상남도 거제시 사등면 두동로1길 109 (사등면, 한국자원재생공사폐비닐적재장) 거제시유기동물보호소",경상남도 거제시,김부근,055-639-6366,
448537202200941,http://www.animal.go.kr/files/shelter/2022/07/20220804110895_s.jpg,8/1/2022,아주동 128-1화이트빌근처,[고양이] 한국 고양이,흰색,2021(년생),2(Kg),경남-거제-2022-00789,8/4/2022,8/16/2022,http://www.animal.go.kr/files/shelter/2022/07/20220804110895.jpg,보호중,Q,N,눈상태안좋음,거제시유기동물보호소,055-639-6368,"경상남도 거제시 사등면 두동로1길 109 (사등면, 한국자원재생공사폐비닐적재장) 거제시유기동물보호소",경상남도 거제시,김부근,055-639-6366,
448536202201460,http://www.animal.go.kr/files/shelter/2022/07/202208042208158_s.jpg,8/1/2022,상남,[개] 믹스견,블랙탄,2017(년생),5(Kg),경남-밀양-2022-01188,8/4/2022,8/16/2022,http://www.animal.go.kr/files/shelter/2022/07/202208042208158.jpg,보호중,M,N,순하고 잘생긴아이,밀양시동물보호센터,010-5656-6665,경상남도 밀양시 삼랑진읍 천태로 472 (삼랑진읍),경상남도 밀양시,밀양시,055-359-7186,
448536202201459,http://www.animal.go.kr/files/shelter/2022/07/202208042208995_s.jpg,8/1/2022,삼랑진,[개] 믹스견,블랙&화이트,2022(년생),3(Kg),경남-밀양-2022-01187,8/4/2022,8/16/2022,http://www.animal.go.kr/files/shelter/2022/07/202208042208995.jpg,보호중,F,N,귀엽게 생긴 순한 강아지,밀양시동물보호센터,010-5656-6665,경상남도 밀양시 삼랑진읍 천태로 472 (삼랑진읍),경상남도 밀양시,밀양시,055-359-7186,
431370202200719,http://www.animal.go.kr/files/shelter/2022/07/202208041808995_s.jpg,8/1/2022,남구청인근,[개] 믹스견,흰색 황색,2019(년생),6.70(Kg),울산-남구-2022-00475,8/4/2022,8/16/2022,http://www.animal.go.kr/files/shelter/2022/07/202208041808995.jpg,보호중,M,N,"미용후 2주정도 경과, 성격이 매우 순하고 정말 착함 조용함, 웰시코기 믹스로 추정",주동물병원,010-6809-8275,울산광역시 남구 돋질로 385-1 (삼산동),울산광역시 남구,권도하,052-226-5264,
446482202200442,http://www.animal.go.kr/files/shelter/2022/07/202208031308296_s.jpg,8/1/2022,순천 폴리텍대학,[고양이] 한국 고양이,흰 노 (치즈망토),2022(년생),0.04(Kg),전남-순천-2022-00446,8/3/2022,8/16/2022,http://www.animal.go.kr/files/shelter/2022/07/202208031308296.jpg,보호중,M,N,젖먹이 허피스 자생 어려움,대한동물사랑협회,061-755-7547,전라남도 순천시 상사면 민속마을길 978 (상사면) .,전라남도 순천시,순천시,061-749-3094,
446482202200441,http://www.animal.go.kr/files/shelter/2022/07/202208031308917_s.jpg,8/1/2022,순천 폴리텍 대학,[고양이] 한국 고양이,흰 노 (치즈망토),2022(년생),0.04(Kg),전남-순천-2022-00445,8/3/2022,8/16/2022,http://www.animal.go.kr/files/shelter/2022/07/202208031308917.jpg,보호중,M,N,"허피스 젖먹이, 자생 어려움",대한동물사랑협회,061-755-7547,전라남도 순천시 상사면 민속마을길 978 (상사면) .,전라남도 순천시,순천시,061-749-3094,
445468202201401,http://www.animal.go.kr/files/shelter/2022/07/20220801210875_s.jpg,8/1/2022,익산시원광대학교정문앞 원병원주변도로에서,[개] 믹스견,흰색,2022(년생),6(Kg),전북-익산-2022-00984,8/3/2022,8/16/2022,http://www.animal.go.kr/files/shelter/2022/07/20220801210875.jpg,보호중,M,N,생후4개월정도 온몸에 피부병이심하게걸려있고 말라있음,익산유기동물보호소,063-855-1214,전라북도 익산시 서동로42길 77 (용제동) 16통 1반,전라북도 익산시,주온유,063-859-5769,
445468202201400,http://www.animal.go.kr/files/shelter/2022/07/202208012108790_s.jpg,8/1/2022,익산시원광대학교정문앞 원병원주변도로에서,[개] 믹스견,흰색,2017(년생),15(Kg),전북-익산-2022-00983,8/3/2022,8/16/2022,http://www.animal.go.kr/files/shelter/2022/07/202208012108790.jpg,보호중,F,N,피부병에걸려있고 사나운편임,익산유기동물보호소,063-855-1214,전라북도 익산시 서동로42길 77 (용제동) 16통 1반,전라북도 익산시,주온유,063-859-5769,
445468202201399,http://www.animal.go.kr/files/shelter/2022/07/202208011208619_s.jpg,8/1/2022,익산시여산면천호산등산로에서,[개] 포메라니안,흰색,2019(년생),4(Kg),전북-익산-2022-00982,8/3/2022,8/16/2022,http://www.animal.go.kr/files/shelter/2022/07/202208011208619.jpg,보호중,F,N,뒤다리한쪽이다처보이며 순하고이쁘게생겼음,익산유기동물보호소,063-855-1214,전라북도 익산시 서동로42길 77 (용제동) 16통 1반,전라북도 익산시,주온유,063-859-5769,
445468202201398,http://www.animal.go.kr/files/shelter/2022/07/202208011208277_s.jpg,8/1/2022,익산시삼기면삼기북길113,[개] 셰퍼드,갈색,2022(년생),7(Kg),전북-익산-2022-00981,8/3/2022,8/16/2022,http://www.animal.go.kr/files/shelter/2022/07/202208011208277.jpg,종료(입양),M,N,생후4개월정도 순하고이쁘게생겼음,익산유기동물보호소,063-855-1214,전라북도 익산시 서동로42길 77 (용제동) 16통 1반,전라북도 익산시,주온유,063-859-5769,
445468202201397,http://www.animal.go.kr/files/shelter/2022/07/20220801120810_s.jpg,8/1/2022,익산시동산동수도산공원,[개] 믹스견,흰갈색,2019(년생),10(Kg),전북-익산-2022-00980,8/3/2022,8/16/2022,http://www.animal.go.kr/files/shelter/2022/07/20220801120810.jpg,보호중,M,N,발발이개이며 순한편임,익산유기동물보호소,063-855-1214,전라북도 익산시 서동로42길 77 (용제동) 16통 1반,전라북도 익산시,주온유,063-859-5769,
445468202201396,http://www.animal.go.kr/files/shelter/2022/07/20220801120826_s.jpg,8/1/2022,익산시낭산면채석장앞,[개] 믹스견,흰색,2022(년생),2(Kg),전북-익산-2022-00979,8/3/2022,8/16/2022,http://www.animal.go.kr/files/shelter/2022/07/20220801120826.jpg,보호중,F,N,생후3개월정도 스피츠믹스이며 작고순하며영리함,익산유기동물보호소,063-855-1214,전라북도 익산시 서동로42길 77 (용제동) 16통 1반,전라북도 익산시,주온유,063-859-5769,
445468202201395,http://www.animal.go.kr/files/shelter/2022/07/202208011208393_s.jpg,8/1/2022,익산시낭산면채석장앞,[개] 믹스견,흰색,2022(년생),2(Kg),전북-익산-2022-00978,8/3/2022,8/16/2022,http://www.animal.go.kr/files/shelter/2022/07/202208011208393.jpg,종료(입양),F,N,생후3개월정도 스피츠믹스이며작고순하며영리함,익산유기동물보호소,063-855-1214,전라북도 익산시 서동로42길 77 (용제동) 16통 1반,전라북도 익산시,주온유,063-859-5769,
445468202201394,http://www.animal.go.kr/files/shelter/2022/07/202208011208803_s.jpg,8/1/2022,익산시낭산면채석장앞,[개] 믹스견,베이지색,2022(년생),3(Kg),전북-익산-2022-00977,8/3/2022,8/16/2022,http://www.animal.go.kr/files/shelter/2022/07/202208011208803.jpg,보호중,M,N,생후3개월정도 작고순하고이쁘게생겼음,익산유기동물보호소,063-855-1214,전라북도 익산시 서동로42길 77 (용제동) 16통 1반,전라북도 익산시,주온유,063-859-5769,
445468202201393,http://www.animal.go.kr/files/shelter/2022/07/202208011208914_s.jpg,8/1/2022,익산시낭산면채석장앞,[개] 믹스견,흰색,2022(년생),2(Kg),전북-익산-2022-00976,8/3/2022,8/16/2022,http://www.animal.go.kr/files/shelter/2022/07/202208011208914.jpg,종료(입양),M,N,생후3개월정도 스피츠믹스이며작고순하며영리함,익산유기동물보호소,063-855-1214,전라북도 익산시 서동로42길 77 (용제동) 16통 1반,전라북도 익산시,주온유,063-859-5769,
445468202201392,http://www.animal.go.kr/files/shelter/2022/07/202208011208974_s.jpg,8/1/2022,익산시낭산면채석장앞,[개] 믹스견,흰갈색,2022(년생),3(Kg),전북-익산-2022-00975,8/3/2022,8/16/2022,http://www.animal.go.kr/files/shelter/2022/07/202208011208974.jpg,종료(입양),M,N,생후3개월정도 작고순하고이쁘게생겼음,익산유기동물보호소,063-855-1214,전라북도 익산시 서동로42길 77 (용제동) 16통 1반,전라북도 익산시,주온유,063-859-5769,
445468202201391,http://www.animal.go.kr/files/shelter/2022/07/202208011208830_s.jpg,8/1/2022,익산시낭산면채석장앞,[개] 믹스견,흰색,2021(년생),5(Kg),전북-익산-2022-00974,8/3/2022,8/16/2022,http://www.animal.go.kr/files/shelter/2022/07/202208011208830.jpg,보호중,F,N,발발이개이며 순한편임,익산유기동물보호소,063-855-1214,전라북도 익산시 서동로42길 77 (용제동) 16통 1반,전라북도 익산시,주온유,063-859-5769,
445468202201390,http://www.animal.go.kr/files/shelter/2022/07/202208011208743_s.jpg,8/1/2022,익산시낭산면채석장앞,[개] 믹스견,갈색,2022(년생),5(Kg),전북-익산-2022-00973,8/3/2022,8/16/2022,http://www.animal.go.kr/files/shelter/2022/07/202208011208743.jpg,보호중,F,N,발발이개이며 작고이쁘게생겼음,익산유기동물보호소,063-855-1214,전라북도 익산시 서동로42길 77 (용제동) 16통 1반,전라북도 익산시,주온유,063-859-5769,
441559202200886,http://www.animal.go.kr/files/shelter/2022/07/202208030908522_s.jpg,8/1/2022,고암동126-7 세븐일레븐 인근,[개] 믹스견,흰,2019(년생),23(Kg),경기-양주-2022-00349,8/3/2022,8/16/2022,http://www.animal.go.kr/files/shelter/2022/07/202208030908522.jpg,종료(반환),M,Y,검은색 가죽목줄. 양귀쫑긋. 코검정. 사람좋아함/활발/애교있음. 꼬리단미안됨. 털때탐.,한국동물구조관리협회,031-867-9119,경기도 양주시 남면 감악산로 63-37 (남면),경기도 양주시,양주시 동물보호팀,031-8082-7361,
428357202200854,http://www.animal.go.kr/files/shelter/2022/07/202208031108589_s.jpg,8/1/2022,동검리589-14,[고양이] 한국 고양이,삼색,2022(년생),0.18(Kg),인천-강화-2022-00356,8/3/2022,8/16/2022,http://www.animal.go.kr/files/shelter/2022/07/202208031108589.jpg,보호중,F,N,생후20일령,베스트동물병원,032-934-9340,"인천광역시 강화군 강화읍 강화대로 217 (강화읍, 린나이보일러)",인천광역시 강화군,강화군청,032-930-4533,
428357202200853,http://www.animal.go.kr/files/shelter/2022/07/202208031108840_s.jpg,8/1/2022,동검리589-14,[고양이] 한국 고양이,삼색,2022(년생),0.16(Kg),인천-강화-2022-00355,8/3/2022,8/16/2022,http://www.animal.go.kr/files/shelter/2022/07/202208031108840.jpg,보호중,F,N,생후20일령,베스트동물병원,032-934-9340,"인천광역시 강화군 강화읍 강화대로 217 (강화읍, 린나이보일러)",인천광역시 강화군,강화군청,032-930-4533,
428357202200852,http://www.animal.go.kr/files/shelter/2022/07/202208031108126_s.jpg,8/1/2022,동검리589-14,[고양이] 한국 고양이,치즈,2022(년생),0.16(Kg),인천-강화-2022-00354,8/3/2022,8/16/2022,http://www.animal.go.kr/files/shelter/2022/07/202208031108126.jpg,보호중,F,N,생후20일령,베스트동물병원,032-934-9340,"인천광역시 강화군 강화읍 강화대로 217 (강화읍, 린나이보일러)",인천광역시 강화군,강화군청,032-930-4533,
428357202200851,http://www.animal.go.kr/files/shelter/2022/07/202208031108394_s.jpg,8/1/2022,인천상수도 사업본부,[개] 믹스견,흰색,2014(년생),10.26(Kg),인천-강화-2022-00353,8/3/2022,8/16/2022,http://www.animal.go.kr/files/shelter/2022/07/202208031108394.jpg,보호중,F,N,온순함,베스트동물병원,032-934-9340,"인천광역시 강화군 강화읍 강화대로 217 (강화읍, 린나이보일러)",인천광역시 강화군,강화군청,032-930-4533,
428354202201252,http://www.animal.go.kr/files/shelter/2022/07/202208021808758_s.jpg,8/1/2022,부평구 청천동 415-2,[개] 포메라니안,갈색,2018(년생),4.5(Kg),인천-부평-2022-00651,8/3/2022,8/16/2022,http://www.animal.go.kr/files/shelter/2022/07/202208021808758.jpg,보호중,M,N,온순하고 사람하고친화력이 좋음,세림동물병원,032-503-0075,인천광역시 부평구 원적로 392 (산곡동),인천광역시 부평구,장상규,032-509-6554,
428349202200642,http://www.animal.go.kr/files/shelter/2022/07/202208011308809_s.jpg,8/1/2022,선녀바위 캠핑장,[개] 믹스견,"검,흰",2020(년생),13(Kg),인천-중구-2022-00449,8/3/2022,8/16/2022,http://www.animal.go.kr/files/shelter/2022/07/202208011308809.jpg,보호중,M,N,겁이 많으나 매우순함.,신공항동물병원,032-751-4598,인천광역시 중구 운남동로3번길 9 (운남동),인천광역시 중구,김근영,032-760-8942,
427348202200772,http://www.animal.go.kr/files/shelter/2022/07/202208031708523_s.jpg,8/1/2022,현풍IC 인근,[고양이] 한국 고양이,고등어태비,2022(년생),0.3(Kg),대구-달성-2022-00479,8/3/2022,8/16/2022,http://www.animal.go.kr/files/shelter/2022/07/202208031708523.jpg,보호중,F,N,"박스에 담긴 채 3마리 구조, 온순 ,건강상 특이소견 없음",현풍동물병원,053-614-3570,대구광역시 달성군 유가읍 테크노공원로 51 (유가읍),대구광역시 달성군,동물보호 담당,053-668-3863,
427348202200771,http://www.animal.go.kr/files/shelter/2022/07/20220803170855_s.jpg,8/1/2022,현풍IC 인근,[고양이] 한국 고양이,고등어태비,2022(년생),0.29(Kg),대구-달성-2022-00478,8/3/2022,8/16/2022,http://www.animal.go.kr/files/shelter/2022/07/20220803170855.jpg,보호중,M,N,"박스에 담긴 채 3마리 구조, 온순 ,건강상 특이소견 없음",현풍동물병원,053-614-3570,대구광역시 달성군 유가읍 테크노공원로 51 (유가읍),대구광역시 달성군,동물보호 담당,053-668-3863,
427348202200770,http://www.animal.go.kr/files/shelter/2022/07/202208031708976_s.jpg,8/1/2022,현풍IC,[고양이] 한국 고양이,검은색,2022(년생),0.29(Kg),대구-달성-2022-00477,8/3/2022,8/16/2022,http://www.animal.go.kr/files/shelter/2022/07/202208031708976.jpg,보호중,F,N,"박스에 담긴 채 3마리 구조, 온순 ,건강상 특이소견 없음",현풍동물병원,053-614-3570,대구광역시 달성군 유가읍 테크노공원로 51 (유가읍),대구광역시 달성군,동물보호 담당,053-668-3863,
426325202200271,http://www.animal.go.kr/files/shelter/2022/07/202208030908388_s.jpg,8/1/2022,영주동 민주공원 민주행쟁기념관 사무실,[고양이] 한국 고양이,황색,2022(년생),0.25(Kg),부산-중구-2022-00148,8/3/2022,8/16/2022,http://www.animal.go.kr/files/shelter/2022/07/202208030908388.jpeg,보호중,Q,N,"젖먹이,인공수유,탯줄이붙어있음,기력없음,중구2-82호",부산동물보호센터,051-832-7119,부산광역시 강서구 맥도강변길 752-15 (대저2동),부산광역시 중구,오현지,051-600-4481,
411306202200538,http://www.animal.go.kr/files/shelter/2022/07/202208030908444_s.jpg,8/1/2022,신내동 신내6단지 일대,[개] 포메라니안,갈/흰,2016(년생),4.2(Kg),서울-중랑-2022-00114,8/3/2022,8/23/2022,http://www.animal.go.kr/files/shelter/2022/07/202208030908444.jpg,종료(반환),F,U,코검정.오른쪽눈체리아이의심.송곳니치석.사람따름.겁약간.소심함.얌전함.,한국동물구조관리협회,031-867-9119,경기도 양주시 남면 감악산로 63-37,서울특별시 중랑구,김가희,02-2094-0753,
411306202200537,http://www.animal.go.kr/files/shelter/2022/07/202208021508467[1]_s.jpg,8/1/2022,면목동 282-6 면목역 일대,[개] 푸들,갈,2022(년생),5.5(Kg),서울-중랑-2022-00113,8/3/2022,8/23/2022,http://www.animal.go.kr/files/shelter/2022/07/202208021508467[1].jpg,종료(반환),M,N,코검정. 사람좋아함/활발/애교있음. 꼬리단미됨. 털때탐. 칩있음.,한국동물구조관리협회,031-867-9119,경기도 양주시 남면 감악산로 63-37,서울특별시 중랑구,김가희,02-2094-0753,
450650202202901,http://www.animal.go.kr/files/shelter/2022/07/202208020908781_s.jpg,8/1/2022,제주시 한림읍 한림읍사무소,[고양이] 한국 고양이,흰갈,2022(년생),0.9(Kg),제주-제주-2022-02824,8/2/2022,8/12/2022,http://www.animal.go.kr/files/shelter/2022/07/202208020908781.jpg,종료(안락사),F,N,개체관리번호 22457 - 왼쪽앞다리상처/경계심,제주 동물보호센터,064-710-4065,제주특별자치도 제주시 첨단동길 184-14 (용강동),제주특별자치도,제주동물보호센터,064-710-4065,
450650202202900,http://www.animal.go.kr/files/shelter/2022/07/202208020908535_s.jpg,8/1/2022,제주시 노형동 중흥s클래스,[고양이] 한국 고양이,삼색,2022(년생),0.3(Kg),제주-제주-2022-02823,8/2/2022,8/12/2022,http://www.animal.go.kr/files/shelter/2022/07/202208020908535.jpg,보호중,F,N,개체관리번호 22456 -1개월,제주 동물보호센터,064-710-4065,제주특별자치도 제주시 첨단동길 184-14 (용강동),제주특별자치도,제주동물보호센터,064-710-4065,
450650202202899,http://www.animal.go.kr/files/shelter/2022/07/20220802090870_s.jpg,8/1/2022,제주시 도남동 부민장례식장,[고양이] 한국 고양이,삼색,2022(년생),0.7(Kg),제주-제주-2022-02822,8/2/2022,8/12/2022,http://www.animal.go.kr/files/shelter/2022/07/20220802090870.jpg,종료(방사),F,N,개체관리번호 22455 - 2개월/왼쪽귀상처/경계심,제주 동물보호센터,064-710-4065,제주특별자치도 제주시 첨단동길 184-14 (용강동),제주특별자치도,제주동물보호센터,064-710-4065,
450650202202896,http://www.animal.go.kr/files/shelter/2022/07/202208020908219_s.jpg,8/1/2022,서귀포시 표선면 중앙로 43번길 20,[고양이] 한국 고양이,흰색,2022(년생),0.1(Kg),제주-제주-2022-02821,8/2/2022,8/12/2022,http://www.animal.go.kr/files/shelter/2022/07/202208020908219.jpg,보호중,M,N,개체관리번호 22452 - 3일차/이유식후분양,제주 동물보호센터,064-710-4065,제주특별자치도 제주시 첨단동길 184-14 (용강동),제주특별자치도,제주동물보호센터,064-710-4065,
450650202202895,http://www.animal.go.kr/files/shelter/2022/07/202208020908641_s.jpg,8/1/2022,서귀포시 표선면 중앙로 43번길 20,[고양이] 한국 고양이,흰색,2022(년생),0.1(Kg),제주-제주-2022-02820,8/2/2022,8/12/2022,http://www.animal.go.kr/files/shelter/2022/07/202208020908641.jpg,보호중,M,N,개체관리번호 22451 - 3일차/이유식후분양,제주 동물보호센터,064-710-4065,제주특별자치도 제주시 첨단동길 184-14 (용강동),제주특별자치도,제주동물보호센터,064-710-4065,
450650202202894,http://www.animal.go.kr/files/shelter/2022/07/202208020908444_s.jpg,8/1/2022,제주시 구좌읍 김녕리3778,[개] 믹스견,검정,2021(년생),15(Kg),제주-제주-2022-02819,8/2/2022,8/12/2022,http://www.animal.go.kr/files/shelter/2022/07/202208020908444.jpg,보호중,M,N,개체관리번호 2484,제주 동물보호센터,064-710-4065,제주특별자치도 제주시 첨단동길 184-14 (용강동),제주특별자치도,제주동물보호센터,064-710-4065,
450650202202893,http://www.animal.go.kr/files/shelter/2022/07/202208020908209_s.jpg,8/1/2022,제주시 조천읍 번영로 941,[개] 믹스견,흰색,2021(년생),15.1(Kg),제주-제주-2022-02818,8/2/2022,8/12/2022,http://www.animal.go.kr/files/shelter/2022/07/202208020908209.jpg,보호중,M,N,개체관리번호 2483 - 낡은목줄/경계심,제주 동물보호센터,064-710-4065,제주특별자치도 제주시 첨단동길 184-14 (용강동),제주특별자치도,제주동물보호센터,064-710-4065,
450650202202892,http://www.animal.go.kr/files/shelter/2022/07/202208020908346_s.jpg,8/1/2022,제주시 애월읍 소길2길7,[개] 믹스견,갈검,2022(년생),2.8(Kg),제주-제주-2022-02817,8/2/2022,8/12/2022,http://www.animal.go.kr/files/shelter/2022/07/202208020908346.jpg,보호중,F,N,개체관리번호 2482 - 1개월,제주 동물보호센터,064-710-4065,제주특별자치도 제주시 첨단동길 184-14 (용강동),제주특별자치도,제주동물보호센터,064-710-4065,
450650202202891,http://www.animal.go.kr/files/shelter/2022/07/202208020908741_s.jpg,8/1/2022,제주시 한림읍 광산로 782-79,[개] 믹스견,검갈,2020(년생),12.3(Kg),제주-제주-2022-02816,8/2/2022,8/12/2022,http://www.animal.go.kr/files/shelter/2022/07/202208020908741.jpg,보호중,F,U,개체관리번호 2481 - 경계심,제주 동물보호센터,064-710-4065,제주특별자치도 제주시 첨단동길 184-14 (용강동),제주특별자치도,제주동물보호센터,064-710-4065,
450650202202890,http://www.animal.go.kr/files/shelter/2022/07/202208020908327_s.jpg,8/1/2022,제주시 구좌읍 하도동길 27-38,[개] 믹스견,흰색,2022(년생),3.6(Kg),제주-제주-2022-02815,8/2/2022,8/12/2022,http://www.animal.go.kr/files/shelter/2022/07/202208020908327.jpg,보호중,M,N,개체관리번호 2480 - 3개월,제주 동물보호센터,064-710-4065,제주특별자치도 제주시 첨단동길 184-14 (용강동),제주특별자치도,제주동물보호센터,064-710-4065,
450650202202889,http://www.animal.go.kr/files/shelter/2022/07/202208020908952_s.jpg,8/1/2022,제주시 구좌읍 하도동길 27-38,[개] 믹스견,흰색,2022(년생),3.2(Kg),제주-제주-2022-02814,8/2/2022,8/12/2022,http://www.animal.go.kr/files/shelter/2022/07/202208020908952.jpg,보호중,M,N,개체관리번호 2479 - 3개월,제주 동물보호센터,064-710-4065,제주특별자치도 제주시 첨단동길 184-14 (용강동),제주특별자치도,제주동물보호센터,064-710-4065,
450650202202888,http://www.animal.go.kr/files/shelter/2022/07/202208020908854_s.jpg,8/1/2022,제주시 아라이동 1168-4,[개] 믹스견,흰색,2022(년생),5.2(Kg),제주-제주-2022-02813,8/2/2022,8/12/2022,http://www.animal.go.kr/files/shelter/2022/07/202208020908854.jpg,종료(자연사),M,N,개체관리번호 2478 - 10개월/경계심,제주 동물보호센터,064-710-4065,제주특별자치도 제주시 첨단동길 184-14 (용강동),제주특별자치도,제주동물보호센터,064-710-4065,
450650202202887,http://www.animal.go.kr/files/shelter/2022/07/202208020908787_s.jpg,8/1/2022,제주시 조천읍 조천리 354-1,[개] 도베르만,검갈,2020(년생),24(Kg),제주-제주-2022-02812,8/2/2022,8/12/2022,http://www.animal.go.kr/files/shelter/2022/07/202208020908787.jpg,보호중,M,N,개체관리번호 2477 - 빨파목줄,제주 동물보호센터,064-710-4065,제주특별자치도 제주시 첨단동길 184-14 (용강동),제주특별자치도,제주동물보호센터,064-710-4065,
450650202202886,http://www.animal.go.kr/files/shelter/2022/07/202208020908322_s.jpg,8/1/2022,제주시 조천읍 조함해안로 273-37,[개] 믹스견,흰색,2022(년생),7.8(Kg),제주-제주-2022-02811,8/2/2022,8/12/2022,http://www.animal.go.kr/files/shelter/2022/07/202208020908322.jpg,보호중,F,N,개체관리번호 2476 - 5개월/경계심,제주 동물보호센터,064-710-4065,제주특별자치도 제주시 첨단동길 184-14 (용강동),제주특별자치도,제주동물보호센터,064-710-4065,
450650202202885,http://www.animal.go.kr/files/shelter/2022/07/202208020908736_s.jpg,8/1/2022,제주시 조천읍 조함해안로 273-37,[개] 믹스견,검갈,2019(년생),15.9(Kg),제주-제주-2022-02810,8/2/2022,8/12/2022,http://www.animal.go.kr/files/shelter/2022/07/202208020908736.jpg,보호중,M,N,개체관리번호 2475 - 심장사상충/왼쪽눈상처/경계심,제주 동물보호센터,064-710-4065,제주특별자치도 제주시 첨단동길 184-14 (용강동),제주특별자치도,제주동물보호센터,064-710-4065,
450650202202884,http://www.animal.go.kr/files/shelter/2022/07/20220802090885_s.jpg,8/1/2022,제주시 구좌읍 김녕로 147,[개] 믹스견,흰색,2020(년생),20(Kg),제주-제주-2022-02809,8/2/2022,8/12/2022,http://www.animal.go.kr/files/shelter/2022/07/20220802090885.jpg,보호중,M,N,개체관리번호 2474 - 심장사상충/빨파목줄/경계심,제주 동물보호센터,064-710-4065,제주특별자치도 제주시 첨단동길 184-14 (용강동),제주특별자치도,제주동물보호센터,064-710-4065,
450650202202883,http://www.animal.go.kr/files/shelter/2022/07/202208020908902_s.jpg,8/1/2022,제주시 화북일동 화북주공마트,[개] 믹스견,갈색,2022(년생),5.9(Kg),제주-제주-2022-02808,8/2/2022,8/12/2022,http://www.animal.go.kr/files/shelter/2022/07/202208020908902.jpg,보호중,F,N,개체관리번호 2473 - 5개월/주황방울목줄,제주 동물보호센터,064-710-4065,제주특별자치도 제주시 첨단동길 184-14 (용강동),제주특별자치도,제주동물보호센터,064-710-4065,
450650202202882,http://www.animal.go.kr/files/shelter/2022/07/202208020908502_s.jpg,8/1/2022,제주시 구좌읍 덕평로 525,[개] 믹스견,흰색,2022(년생),4.1(Kg),제주-제주-2022-02807,8/2/2022,8/12/2022,http://www.animal.go.kr/files/shelter/2022/07/202208020908502.jpg,보호중,M,N,개체관리번호 2472 - 5개월,제주 동물보호센터,064-710-4065,제주특별자치도 제주시 첨단동길 184-14 (용강동),제주특별자치도,제주동물보호센터,064-710-4065,
450650202202881,http://www.animal.go.kr/files/shelter/2022/07/202208020908188_s.jpg,8/1/2022,제주시 구좌읍 덕평로 525,[개] 믹스견,갈색,2020(년생),13.8(Kg),제주-제주-2022-02806,8/2/2022,8/12/2022,http://www.animal.go.kr/files/shelter/2022/07/202208020908188.jpg,보호중,M,N,개체관리번호 2471 - 경계심,제주 동물보호센터,064-710-4065,제주특별자치도 제주시 첨단동길 184-14 (용강동),제주특별자치도,제주동물보호센터,064-710-4065,
450650202202880,http://www.animal.go.kr/files/shelter/2022/07/202208020908503_s.jpg,8/1/2022,제주시 애월읍 소길 2길 7,[개] 믹스견,검갈,2022(년생),3.4(Kg),제주-제주-2022-02805,8/2/2022,8/12/2022,http://www.animal.go.kr/files/shelter/2022/07/202208020908503.jpg,보호중,F,N,개체관리번호 2470 - 2개월,제주 동물보호센터,064-710-4065,제주특별자치도 제주시 첨단동길 184-14 (용강동),제주특별자치도,제주동물보호센터,064-710-4065,
450650202202879,http://www.animal.go.kr/files/shelter/2022/07/202208020908908_s.jpg,8/1/2022,제주시 애월읍 장전리 742,[개] 믹스견,검갈,2022(년생),3.4(Kg),제주-제주-2022-02804,8/2/2022,8/12/2022,http://www.animal.go.kr/files/shelter/2022/07/202208020908908.jpg,보호중,F,N,개체관리번호 2469 - 2개월,제주 동물보호센터,064-710-4065,제주특별자치도 제주시 첨단동길 184-14 (용강동),제주특별자치도,제주동물보호센터,064-710-4065,
450650202202878,http://www.animal.go.kr/files/shelter/2022/07/202208020908132_s.jpg,8/1/2022,제주시 애월읍 장전리 742,[개] 믹스견,검갈,2022(년생),3.5(Kg),제주-제주-2022-02803,8/2/2022,8/12/2022,http://www.animal.go.kr/files/shelter/2022/07/202208020908132.jpg,보호중,F,N,개체관리번호 2468 - 2개월,제주 동물보호센터,064-710-4065,제주특별자치도 제주시 첨단동길 184-14 (용강동),제주특별자치도,제주동물보호센터,064-710-4065,
450650202202877,http://www.animal.go.kr/files/shelter/2022/07/202208020908797_s.jpg,8/1/2022,서귀포시 표선면 표선 119 센터,[개] 믹스견,흰색,2022(년생),15.5(Kg),제주-제주-2022-02802,8/2/2022,8/12/2022,http://www.animal.go.kr/files/shelter/2022/07/202208020908797.jpg,보호중,F,N,개체관리번호 2467 - 10개월,제주 동물보호센터,064-710-4065,제주특별자치도 제주시 첨단동길 184-14 (용강동),제주특별자치도,제주동물보호센터,064-710-4065,
450650202202876,http://www.animal.go.kr/files/shelter/2022/07/202208020908384_s.jpg,8/1/2022,서귀포시 표선면 표선 사이프러스,[개] 믹스견,검갈,2020(년생),16.6(Kg),제주-제주-2022-02801,8/2/2022,8/12/2022,http://www.animal.go.kr/files/shelter/2022/07/202208020908384.jpg,보호중,F,U,개체관리번호 2466,제주 동물보호센터,064-710-4065,제주특별자치도 제주시 첨단동길 184-14 (용강동),제주특별자치도,제주동물보호센터,064-710-4065,
450650202202874,http://www.animal.go.kr/files/shelter/2022/07/202208020908648_s.jpg,8/1/2022,서귀포시 안덕면 화순서서로 64번길 67-20,[개] 믹스견,흰갈,2022(년생),11.4(Kg),제주-제주-2022-02800,8/2/2022,8/12/2022,http://www.animal.go.kr/files/shelter/2022/07/202208020908648.jpg,보호중,F,N,개체관리번호 2464 - 8개월/경계심,제주 동물보호센터,064-710-4065,제주특별자치도 제주시 첨단동길 184-14 (용강동),제주특별자치도,제주동물보호센터,064-710-4065,
450650202202873,http://www.animal.go.kr/files/shelter/2022/07/202208020908848_s.jpg,8/1/2022,서귀포시 남원읍 태흥리 1396-3,[개] 믹스견,흰색,2022(년생),14.7(Kg),제주-제주-2022-02799,8/2/2022,8/12/2022,http://www.animal.go.kr/files/shelter/2022/07/202208020908848.jpg,보호중,M,N,개체관리번호 2463 - 오른쪽눈위상처/경계심,제주 동물보호센터,064-710-4065,제주특별자치도 제주시 첨단동길 184-14 (용강동),제주특별자치도,제주동물보호센터,064-710-4065,
450650202202872,http://www.animal.go.kr/files/shelter/2022/07/202208020908178_s.jpg,8/1/2022,서귀포시 하원동 628,[개] 믹스견,흰색,2021(년생),13.3(Kg),제주-제주-2022-02798,8/2/2022,8/12/2022,http://www.animal.go.kr/files/shelter/2022/07/202208020908178.jpg,보호중,F,U,개체관리번호 2462 - 경계심,제주 동물보호센터,064-710-4065,제주특별자치도 제주시 첨단동길 184-14 (용강동),제주특별자치도,제주동물보호센터,064-710-4065,
450650202202871,http://www.animal.go.kr/files/shelter/2022/07/202208020908820_s.jpg,8/1/2022,서귀포시 강정동 중산간서로 30 뉴월드골프연습장,[개] 믹스견,검정,2022(년생),2.5(Kg),제주-제주-2022-02797,8/2/2022,8/12/2022,http://www.animal.go.kr/files/shelter/2022/07/202208020908820.jpg,종료(입양),M,N,개체관리번호 2461 - 1개월,제주 동물보호센터,064-710-4065,제주특별자치도 제주시 첨단동길 184-14 (용강동),제주특별자치도,제주동물보호센터,064-710-4065,
450650202202870,http://www.animal.go.kr/files/shelter/2022/07/202208020908416_s.jpg,8/1/2022,서귀포시 강정동 중산간서로 30 뉴월드골프연습장,[개] 믹스견,갈색,2022(년생),2.6(Kg),제주-제주-2022-02796,8/2/2022,8/12/2022,http://www.animal.go.kr/files/shelter/2022/07/202208020908416.jpg,보호중,F,N,개체관리번호 2460 - 1개월,제주 동물보호센터,064-710-4065,제주특별자치도 제주시 첨단동길 184-14 (용강동),제주특별자치도,제주동물보호센터,064-710-4065,
450650202202869,http://www.animal.go.kr/files/shelter/2022/07/202208020908969_s.jpg,8/1/2022,서귀포시 서홍동 홍중로 119-2 도그앤캣,[개] 믹스견,흰색,2022(년생),2.2(Kg),제주-제주-2022-02795,8/2/2022,8/12/2022,http://www.animal.go.kr/files/shelter/2022/07/202208020908969.jpg,보호중,M,N,개체관리번호 2459 - 1개월,제주 동물보호센터,064-710-4065,제주특별자치도 제주시 첨단동길 184-14 (용강동),제주특별자치도,제주동물보호센터,064-710-4065,
448547202200533,http://www.animal.go.kr/files/shelter/2022/07/202208021308968_s.jpg,8/1/2022,가조면 기리5길 175-12,[고양이] 한국 고양이,"검정, 흰색",2020(년생),3.6(Kg),경남-거창-2022-00235,8/2/2022,8/12/2022,http://www.animal.go.kr/files/shelter/2022/07/202208021308968.jpg,보호중,F,N,동복 5두의 어미 고양이,거창유기동물보호센터,055-945-6500,경상남도 거창군 남상면 수남로 1934-12,경상남도 거창군,거창군,055-940-8140,
448547202200532,http://www.animal.go.kr/files/shelter/2022/07/202208021308266_s.jpg,8/1/2022,가조면 기리5길 175-12,[고양이] 한국 고양이,"갈색, 검정, 흰색",2022(년생),0.7(Kg),경남-거창-2022-00234,8/2/2022,8/12/2022,http://www.animal.go.kr/files/shelter/2022/07/202208021308266.jpg,보호중,F,N,동복 5두 함께 입소,거창유기동물보호센터,055-945-6500,경상남도 거창군 남상면 수남로 1934-12,경상남도 거창군,거창군,055-940-8140,
448547202200531,http://www.animal.go.kr/files/shelter/2022/07/202208021308825_s.jpg,8/1/2022,가조면 기리5길 175-12,[고양이] 한국 고양이,"갈색, 검정, 흰색",2022(년생),0.7(Kg),경남-거창-2022-00233,8/2/2022,8/12/2022,http://www.animal.go.kr/files/shelter/2022/07/202208021308825.jpg,종료(입양),M,N,동복 5두 함께 입소,거창유기동물보호센터,055-945-6500,경상남도 거창군 남상면 수남로 1934-12,경상남도 거창군,거창군,055-940-8140,
448547202200530,http://www.animal.go.kr/files/shelter/2022/07/202208021308456_s.jpg,8/1/2022,가조면 기리5길 175-12,[고양이] 한국 고양이,"검정, 흰색",2022(년생),0.7(Kg),경남-거창-2022-00232,8/2/2022,8/12/2022,http://www.animal.go.kr/files/shelter/2022/07/202208021308456.jpg,보호중,F,N,동복 5두 함께 입소,거창유기동물보호센터,055-945-6500,경상남도 거창군 남상면 수남로 1934-12,경상남도 거창군,거창군,055-940-8140,
448547202200529,http://www.animal.go.kr/files/shelter/2022/07/202208021308634[1]_s.jpg,8/1/2022,가조면 기리5길 175-12,[고양이] 한국 고양이,검정,2022(년생),0.6(Kg),경남-거창-2022-00231,8/2/2022,8/12/2022,http://www.animal.go.kr/files/shelter/2022/07/202208021308634[1].jpg,보호중,F,N,동복 5두 함께 입소,거창유기동물보호센터,055-945-6500,경상남도 거창군 남상면 수남로 1934-12,경상남도 거창군,거창군,055-940-8140,
448547202200528,http://www.animal.go.kr/files/shelter/2022/07/202208021308483_s.jpg,8/1/2022,가조면 기리5길 175-12,[고양이] 한국 고양이,"검정, 갈색, 흰색",2022(년생),0.6(Kg),경남-거창-2022-00230,8/2/2022,8/12/2022,http://www.animal.go.kr/files/shelter/2022/07/202208021308483.jpg,보호중,F,N,동복 5두 함께 입소,거창유기동물보호센터,055-945-6500,경상남도 거창군 남상면 수남로 1934-12,경상남도 거창군,거창군,055-940-8140,
448544202200249,http://www.animal.go.kr/files/shelter/2022/07/202208011508372[1]_s.jpg,8/1/2022,경상남도 하동군 옥종면 구시장길 14-21,[개] 믹스견,검정색,2022(년생),4.8(Kg),경남-하동-2022-00184,8/2/2022,8/12/2022,http://www.animal.go.kr/files/shelter/2022/07/202208011508372[1].jpg,종료(입양),F,N,순함,하동군유기동물보호소,055-880-2677,경상남도 하동군 적량면 한옥정길 90 (적량면) 유기동물보호소,경상남도 하동군,하동군,055-880-2677,
448544202200248,http://www.animal.go.kr/files/shelter/2022/07/202208011508688_s.jpg,8/1/2022,경상남도 하동군 진교면 고이길 124,[개] 믹스견,흰색,2018(년생),8.3(Kg),경남-하동-2022-00183,8/2/2022,8/12/2022,http://www.animal.go.kr/files/shelter/2022/07/202208011508688.jpg,보호중,F,N,사람을피함,하동군유기동물보호소,055-880-2677,경상남도 하동군 적량면 한옥정길 90 (적량면) 유기동물보호소,경상남도 하동군,하동군,055-880-2677,
448537202200936,http://www.animal.go.kr/files/shelter/2022/07/202208021508369_s.jpg,8/1/2022,장평한마음어린이집앞,[고양이] 한국 고양이,"흰색,갈색",2022(년생),0.4(Kg),경남-거제-2022-00782,8/2/2022,8/12/2022,http://www.animal.go.kr/files/shelter/2022/07/202208021508369.jpg,종료(자연사),Q,N,구더기,거제시유기동물보호소,055-639-6368,"경상남도 거제시 사등면 두동로1길 109 (사등면, 한국자원재생공사폐비닐적재장) 거제시유기동물보호소",경상남도 거제시,김부근,055-639-6366,
448537202200935,http://www.animal.go.kr/files/shelter/2022/07/202208021508789_s.jpg,8/1/2022,장평한마음어린이집앞,[고양이] 한국 고양이,"갈색,흰색",2022(년생),0.4(Kg),경남-거제-2022-00783,8/2/2022,8/12/2022,http://www.animal.go.kr/files/shelter/2022/07/202208021508789.jpg,보호중,Q,N,구더기,거제시유기동물보호소,055-639-6368,"경상남도 거제시 사등면 두동로1길 109 (사등면, 한국자원재생공사폐비닐적재장) 거제시유기동물보호소",경상남도 거제시,김부근,055-639-6366,
448537202200934,http://www.animal.go.kr/files/shelter/2022/07/202208021508570_s.jpg,8/1/2022,장평한마음어린이집앞,[고양이] 한국 고양이,"검정,갈색,흰색",2022(년생),0.4(Kg),경남-거제-2022-00784,8/2/2022,8/12/2022,http://www.animal.go.kr/files/shelter/2022/07/202208021508570.jpg,보호중,Q,N,구더기,거제시유기동물보호소,055-639-6368,"경상남도 거제시 사등면 두동로1길 109 (사등면, 한국자원재생공사폐비닐적재장) 거제시유기동물보호소",경상남도 거제시,김부근,055-639-6366,
448537202200933,http://www.animal.go.kr/files/shelter/2022/07/202208021508254_s.jpg,8/1/2022,장평한마음어린이집앞,[고양이] 한국 고양이,"검정,갈색",2022(년생),0.4(Kg),경남-거제-2022-00781,8/2/2022,8/12/2022,http://www.animal.go.kr/files/shelter/2022/07/202208021508254.jpg,보호중,Q,N,구더기,거제시유기동물보호소,055-639-6368,"경상남도 거제시 사등면 두동로1길 109 (사등면, 한국자원재생공사폐비닐적재장) 거제시유기동물보호소",경상남도 거제시,김부근,055-639-6366,
448537202200927,http://www.animal.go.kr/files/shelter/2022/07/20220802080836_s.jpg,8/1/2022,장평한마음어린이집앞,[고양이] 한국 고양이,"검정,갈색,흰색",2022(년생),0.3(Kg),경남-거제-2022-00775,8/2/2022,8/12/2022,http://www.animal.go.kr/files/shelter/2022/07/20220802080836.jpg,보호중,Q,N,"6마리중4마리죽음,구더기",거제시유기동물보호소,055-639-6368,"경상남도 거제시 사등면 두동로1길 109 (사등면, 한국자원재생공사폐비닐적재장) 거제시유기동물보호소",경상남도 거제시,김부근,055-639-6366,
448537202200926,http://www.animal.go.kr/files/shelter/2022/07/202208020808309_s.jpg,8/1/2022,장평한마음어린이집앞,[고양이] 한국 고양이,"검정,갈색,흰색",2022(년생),0.3(Kg),경남-거제-2022-00774,8/2/2022,8/12/2022,http://www.animal.go.kr/files/shelter/2022/07/202208020808309.jpg,종료(자연사),Q,N,6마리중4마리죽음.구더기,거제시유기동물보호소,055-639-6368,"경상남도 거제시 사등면 두동로1길 109 (사등면, 한국자원재생공사폐비닐적재장) 거제시유기동물보호소",경상남도 거제시,김부근,055-639-6366,
448537202200925,http://www.animal.go.kr/files/shelter/2022/07/202208020808878_s.jpg,8/1/2022,장평동75-7,[고양이] 한국 고양이,"검정,갈색,흰색",2022(년생),0.7(Kg),경남-거제-2022-00773,8/2/2022,8/12/2022,http://www.animal.go.kr/files/shelter/2022/07/202208020808878.jpg,종료(자연사),Q,N,상태안좋음,거제시유기동물보호소,055-639-6368,"경상남도 거제시 사등면 두동로1길 109 (사등면, 한국자원재생공사폐비닐적재장) 거제시유기동물보호소",경상남도 거제시,김부근,055-639-6366,
448535202201059,http://www.animal.go.kr/files/shelter/2022/07/202208021008283_s.jpg,8/1/2022,생림면 안양로 274번길 388-23,[고양이] 한국 고양이,"흰색, 회색",2018(년생),2.5(Kg),경남-김해-2022-00942,8/2/2022,8/12/2022,http://www.animal.go.kr/files/shelter/2022/07/202208021008283.jpeg,종료(자연사),M,U,"2-305, 뒷다리부상의심, 움직임이 불편함, 경계심이 심함",부산동물보호센터,051-832-7119,부산광역시 강서구 맥도강변길 752-15 (대저2동),경상남도 김해시,김해시,055-350-4133,
448535202201058,http://www.animal.go.kr/files/shelter/2022/07/202208021008625_s[1].jpg,8/1/2022,주촌면 골든루트로 129번길 169-1,[개] 푸들,갈색,2015(년생),5.5(Kg),경남-김해-2022-00941,8/2/2022,8/12/2022,http://www.animal.go.kr/files/shelter/2022/07/202208021008625.jpeg,종료(입양),M,U,"1-622, 온순하고 사람을 잘 따름, 미용이 되어 있음, 짧은 꼬리",부산동물보호센터,051-832-7119,부산광역시 강서구 맥도강변길 752-15 (대저2동),경상남도 김해시,김해시,055-350-4133,
448535202201057,http://www.animal.go.kr/files/shelter/2022/07/20220802100844_s.jpg,8/1/2022,진영읍 진산대로 153,[개] 믹스견,"흰색, 황색",2019(년생),7(Kg),경남-김해-2022-00940,8/2/2022,8/12/2022,http://www.animal.go.kr/files/shelter/2022/07/20220802100844.jpeg,종료(반환),M,U,"1-621, 온순함, 말린꼬리, 황색귀, 짧은 다리를 가짐",부산동물보호센터,051-832-7119,부산광역시 강서구 맥도강변길 752-15 (대저2동),경상남도 김해시,김해시,055-350-4133,
448533202200489,http://www.animal.go.kr/files/shelter/2022/07/202208021108792_s.jpg,8/1/2022,성동 조선소,[고양이] 믹스묘,"갈색, 흰색, 검정색",2022(년생),0.21(Kg),경남-통영-2022-00291,8/2/2022,8/12/2022,http://www.animal.go.kr/files/shelter/2022/07/202208021108792.jpg,보호중,Q,N,생후 1개월 추정(2022.08.01기준),통영시동물보호센터,055-650-6253,경상남도 통영시 광도면 전두1길 9-8,경상남도 통영시,최민정,055-650-6254,
448533202200488,http://www.animal.go.kr/files/shelter/2022/07/202208021108972_s.jpg,8/1/2022,성동 조선소,[고양이] 믹스묘,"검정색, 흰색",2022(년생),0.24(Kg),경남-통영-2022-00290,8/2/2022,8/12/2022,http://www.animal.go.kr/files/shelter/2022/07/202208021108972.jpg,보호중,Q,N,생후 1개월 추정(2022.08.01기준),통영시동물보호센터,055-650-6253,경상남도 통영시 광도면 전두1길 9-8,경상남도 통영시,최민정,055-650-6254,
448533202200487,http://www.animal.go.kr/files/shelter/2022/07/202208021008438_s.jpg,8/1/2022,성동조선소,[고양이] 믹스묘,"갈색, 흰색, 검정색",2022(년생),0.18(Kg),경남-통영-2022-00289,8/2/2022,8/12/2022,http://www.animal.go.kr/files/shelter/2022/07/202208021008438.jpg,보호중,Q,N,생후 1개월 추정(2022.08.01기준),통영시동물보호센터,055-650-6253,경상남도 통영시 광도면 전두1길 9-8,경상남도 통영시,최민정,055-650-6254,
447519202200145,http://www.animal.go.kr/files/shelter/2022/07/202208021908183_s.jpg,8/1/2022,청도소방서,[개] 믹스견,흰색,2021(년생),9(Kg),경북-청도-2022-00145,8/2/2022,8/10/2022,http://www.animal.go.kr/files/shelter/2022/07/202208021908183.jpg,종료(반환),F,U,"소방서 구조, 사람잘따름",청도군동물보호소,054-370-6558,경상북도 청도군 화양읍 청화3길 10 청도군 농업기술센터,경상북도 청도군,청도군,054-370-6558,
447512202200484,http://www.animal.go.kr/files/shelter/2022/07/202208011408317_s.jpg,8/1/2022,문경소방서,[개] 믹스견,"갈색,흰색",2020(년생),22(Kg),경북-문경-2022-00275,8/2/2022,8/9/2022,http://www.animal.go.kr/files/shelter/2022/07/202208011408317.jpg,종료(입양),M,N,명랑활발함,종합가축병원,054-552-2233,경상북도 문경시 중앙로 170 (흥덕동) 종합가축병원,경상북도 문경시,문경시 유통축산과,054-550-6282,
447510202200303,http://www.animal.go.kr/files/shelter/2022/07/202208020908352_s.jpg,8/1/2022,청통면 보성공단길 14(대금지오웰),[개] 믹스견,"흰색, 연한 갈색",2012(년생),5(Kg),경북-영천-2022-00225,8/2/2022,8/12/2022,http://www.animal.go.kr/files/shelter/2022/07/202208020908352.jpg,보호중,F,U,"말티즈 믹스, 안면부 연한 갈색",영천유기동물보호센터,054-339-7177,"경상북도 영천시 천문로 622-13 (오미동, 영천시농업기술센터)",경상북도 영천시,정재성,054-339-7177,
447507202200104,http://www.animal.go.kr/files/shelter/2022/07/202208020108940_s.jpg,8/1/2022,안동초등학교정문 도로건너 도미나피자부근,[개] 포메라니안,흰색,2019(년생),3(Kg),경북-안동-2022-00079,8/2/2022,8/22/2022,http://www.animal.go.kr/files/shelter/2022/07/202208020108940.jpg,종료(반환),M,Y,"하네스착용,작은체형,순함",유기동물보호센터,010-7703-1999,경상북도 안동시 서후면 풍산태사로 3252-29 (서후면),경상북도 안동시,김준규,054-840-5484,
445479202200457,http://www.animal.go.kr/files/shelter/2022/07/202208020908331_s.jpg,8/1/2022,변산면 격포,[고양이] 한국 고양이,흰색,2022(년생),2(Kg),전북-부안-2022-00442,8/2/2022,8/17/2022,http://www.animal.go.kr/files/shelter/2022/07/202208020908331.jpg,보호중,F,N,눈이 밝은 파란색인 아기 고양이,부안군 동물보호센터,063-580-4499,전라북도 부안군 주산면 주산로 369 부안군 동물보호센터,전라북도 부안군,부안군,063-580-4499,
445479202200456,http://www.animal.go.kr/files/shelter/2022/07/202208020908946_s.jpg,8/1/2022,변산면 격포,[고양이] 한국 고양이,흰색,2022(년생),2(Kg),전북-부안-2022-00441,8/2/2022,8/17/2022,http://www.animal.go.kr/files/shelter/2022/07/202208020908946.jpg,보호중,M,N,"눈이 파란색이며 흰색 털을 가짐, 경계심이 살짝 있음",부안군 동물보호센터,063-580-4499,전라북도 부안군 주산면 주산로 369 부안군 동물보호센터,전라북도 부안군,부안군,063-580-4499,
445479202200455,http://www.animal.go.kr/files/shelter/2022/07/202208020908374_s.jpg,8/1/2022,변산면 격포,[고양이] 한국 고양이,회갈색,2022(년생),3(Kg),전북-부안-2022-00440,8/2/2022,8/17/2022,http://www.animal.go.kr/files/shelter/2022/07/202208020908374.jpg,보호중,F,N,코에 상처가 있고 몸집이 작음,부안군 동물보호센터,063-580-4499,전라북도 부안군 주산면 주산로 369 부안군 동물보호센터,전라북도 부안군,부안군,063-580-4499,
443448202200178,http://www.animal.go.kr/files/shelter/2022/07/202208021708881_s.jpg,8/1/2022,대강초등학교,[개] 푸들,아이보리,2019(년생),5.20(Kg),충북-단양-2022-00178,8/2/2022,8/12/2022,http://www.animal.go.kr/files/shelter/2022/07/202208021708881.jpg,보호중,M,U,미용 흔적 있음.,단양군유기동물보호소,043-420-2746,충청북도 단양군 매포읍 우덕리 910번지,충청북도 단양군,단양군,043-420-2743,
443448202200177,http://www.animal.go.kr/files/shelter/2022/07/202208021708844_s.jpg,8/1/2022,대강초등학교,[개] 베들링턴 테리어,흰색,2017(년생),12.40(Kg),충북-단양-2022-00177,8/2/2022,8/12/2022,http://www.animal.go.kr/files/shelter/2022/07/202208021708844.jpg,보호중,M,N,털관리 미흡.,단양군유기동물보호소,043-420-2746,충청북도 단양군 매포읍 우덕리 910번지,충청북도 단양군,단양군,043-420-2743,
443448202200176,http://www.animal.go.kr/files/shelter/2022/07/202208021708662_s.jpg,8/1/2022,매포읍 하시리,[고양이] 한국 고양이,턱시도,2021(년생),3.80(Kg),충북-단양-2022-00176,8/2/2022,8/12/2022,http://www.animal.go.kr/files/shelter/2022/07/202208021708662.jpg,보호중,Q,N,"뒷다리 불편함, 교통사고 추정",단양군유기동물보호소,043-420-2746,충청북도 단양군 매포읍 우덕리 910번지,충청북도 단양군,단양군,043-420-2743,
443448202200175,http://www.animal.go.kr/files/shelter/2022/07/202208021708583_s.jpg,8/1/2022,매포읍 삼곡리,[고양이] 한국 고양이,치즈,2022(년생),0.45(Kg),충북-단양-2022-00175,8/2/2022,8/12/2022,http://www.animal.go.kr/files/shelter/2022/07/202208021708583.jpg,종료(자연사),Q,N,"어린 고양이, 영양부족",단양군유기동물보호소,043-420-2746,충청북도 단양군 매포읍 우덕리 910번지,충청북도 단양군,단양군,043-420-2743,
443446202200200,http://www.animal.go.kr/files/shelter/2022/07/202208011808603_s.jpg,8/1/2022,괴산군 칠성면 율지리 216,[개] 진도견,황색,2020(년생),20(Kg),충북-괴산-2022-00196,8/2/2022,8/12/2022,http://www.animal.go.kr/files/shelter/2022/07/202208011808603.jpg,보호중,M,N,심상사상충 감염상태이며 타동물에 대한 공격성이 있음(닭),괴산증평동물보호센터,010-3169-1151,충청북도 증평군 도안면 입장길 239 (도안면),충청북도 괴산군,윤영서,043-830-3233,
442426202200320,http://www.animal.go.kr/files/shelter/2022/07/202208021308613_s.jpg,8/1/2022,우천면 법주리 357-1 현대중장비,[개] 믹스견,"연갈색, 검정",2018(년생),5.5(Kg),강원-횡성-2022-00187,8/2/2022,8/12/2022,http://www.animal.go.kr/files/shelter/2022/07/202208021308613.jpeg,보호중,F,N,-,횡성유기동물보호센터,033-731-1119,강원도 원주시 호저면 칠봉로 110-6,강원도 횡성군,횡성군,033-340-2395,
442423202200366,http://www.animal.go.kr/files/shelter/2022/07/202208021108898_s.jpg,8/1/2022,교동로33,[고양이] 한국 고양이,회/검,2019(년생),3.8(Kg),강원-속초-2022-00186,8/2/2022,8/12/2022,http://www.animal.go.kr/files/shelter/2022/07/202208021108898.jpeg,종료(자연사),F,N,"교통사고,탈진상태",속초시유기동물보호소,033-636-2519,강원도 속초시 하도문길 103 (대포동),강원도 속초시,최화진,033-639-2583,
442419202200629,http://www.animal.go.kr/files/shelter/2022/07/202208020908683[1]_s.jpg,8/1/2022,문막안전센터부근,[고양이] 한국 고양이,갈색,2022(년생),0.8(Kg),강원-원주-2022-00504,8/2/2022,8/12/2022,http://www.animal.go.kr/files/shelter/2022/07/202208020908683[1].jpg,보호중,M,N,"몸은 체크무늬, 배부분만 흰색, 왼쪽눈주위 상처있음",원주유기동물보호센터,033-731-1119,강원도 원주시 호저면 칠봉로 110-6,강원도 원주시,원주시,033-737-4444,
442419202200628,http://www.animal.go.kr/files/shelter/2022/07/202208020908412_s.jpg,8/1/2022,청솔5차단지부근,[개] 푸들,갈색,2018(년생),5.2(Kg),강원-원주-2022-00503,8/2/2022,8/12/2022,http://www.animal.go.kr/files/shelter/2022/07/202208020908412.jpg,종료(반환),M,N,양쪽귀속 염증이 심함,원주유기동물보호센터,033-731-1119,강원도 원주시 호저면 칠봉로 110-6,강원도 원주시,원주시,033-737-4444,
442419202200627,http://www.animal.go.kr/files/shelter/2022/07/202208020908464_s.jpg,8/1/2022,월운동경로당앞,[개] 보더 콜리,"흰,검정",2019(년생),11(Kg),강원-원주-2022-00502,8/2/2022,8/12/2022,http://www.animal.go.kr/files/shelter/2022/07/202208020908464.jpg,보호중,F,N,"목뒤부분 검은원형무늬, 검은점박이",원주유기동물보호센터,033-731-1119,강원도 원주시 호저면 칠봉로 110-6,강원도 원주시,원주시,033-737-4444,
442419202200626,http://www.animal.go.kr/files/shelter/2022/07/20220802090822_s.jpg,8/1/2022,태장동 891-1,[고양이] 한국 고양이,"갈,검정",2022(년생),1.6(Kg),강원-원주-2022-00501,8/2/2022,8/12/2022,http://www.animal.go.kr/files/shelter/2022/07/20220802090822.jpg,종료(자연사),M,N,"체크무늬 회,검정 목, 발끝부분 흰색",원주유기동물보호센터,033-731-1119,강원도 원주시 호저면 칠봉로 110-6,강원도 원주시,원주시,033-737-4444,
442419202200625,http://www.animal.go.kr/files/shelter/2022/07/20220802090842_s.jpg,8/1/2022,매지터널부근,[개] 보더 콜리,"흰,검정",2019(년생),25(Kg),강원-원주-2022-00500,8/2/2022,8/12/2022,http://www.animal.go.kr/files/shelter/2022/07/20220802090842.jpg,종료(반환),M,N,"발부분 흰색 꼬리는 짖은 갈색,",원주유기동물보호센터,033-731-1119,강원도 원주시 호저면 칠봉로 110-6,강원도 원주시,원주시,033-737-4444,
442419202200624,http://www.animal.go.kr/files/shelter/2022/07/202208020808829_s.jpg,8/1/2022,일광산업근처,[개] 믹스견,검정,2017(년생),14(Kg),강원-원주-2022-00499,8/2/2022,8/12/2022,http://www.animal.go.kr/files/shelter/2022/07/202208020808829.jpg,보호중,M,N,"목줄착용, 발부분 흰색점박이,가슴부분흰색",원주유기동물보호센터,033-731-1119,강원도 원주시 호저면 칠봉로 110-6,강원도 원주시,원주시,033-737-4444,
441560202200899,http://www.animal.go.kr/files/shelter/2022/07/202208021608544_s.jpg,8/1/2022,신북면 탑신로 966 인근,[고양이] 한국 고양이,갈/검/흰,2020(년생),1.9(Kg),경기-포천-2022-00677,8/2/2022,8/12/2022,http://www.animal.go.kr/files/shelter/2022/07/202208021608544.jpg,종료(기증),F,U,눈곱. 콧물. 코분홍. 양전지 발등 부위 피부질환. 꼬리털 미용됫듯. 여윔. 사람따름. 털때탐.,한국동물구조관리협회,031-867-9119,경기도 양주시 남면 감악산로 63-37,경기도 포천시,차봉환,031-538-3883,
441560202200897,http://www.animal.go.kr/files/shelter/2022/07/202208021608559_s.jpg,8/1/2022,가산면 정금로 164 인근,[개] 믹스견,검/갈/흰,2020(년생),16(Kg),경기-포천-2022-00676,8/2/2022,8/12/2022,http://www.animal.go.kr/files/shelter/2022/07/202208021608559.jpg,종료(안락사),M,N,파란바탕 가운데 노란줄 목줄. 양귀쫑긋. 코검정. 겁약간/경계하나 어느정도 사람따름.,한국동물구조관리협회,031-867-9119,경기도 양주시 남면 감악산로 63-37,경기도 포천시,차봉환,031-538-3883,
441560202200896,http://www.animal.go.kr/files/shelter/2022/07/202208021608579_s.jpg,8/1/2022,내촌면 부마로411-21 인근,[개] 믹스견,갈/검/흰,2021(년생),7.5(Kg),경기-포천-2022-00675,8/2/2022,8/12/2022,http://www.animal.go.kr/files/shelter/2022/07/202208021608579.jpg,종료(안락사),F,U,주황바탕 초록줄무늬 목줄. 양귀처짐. 코검정. 꼬리단미안됨. 털상태양호.,한국동물구조관리협회,031-867-9119,경기도 양주시 남면 감악산로 63-37,경기도 포천시,차봉환,031-538-3883,
441560202200895,http://www.animal.go.kr/files/shelter/2022/07/202208021508173_s.jpg,8/1/2022,소흘읍 고모리 321 인근,[개] 믹스견,갈,2019(년생),16(Kg),경기-포천-2022-00674,8/2/2022,8/12/2022,http://www.animal.go.kr/files/shelter/2022/07/202208021508173.jpg,종료(안락사),M,N,낡은 갈색목줄. 양귀처짐. 코검정. 겁약간. 어느정도 사람따름/얌전함. 꼬리단미안됨. 털때탐. 피부질환.,한국동물구조관리협회,031-867-9119,경기도 양주시 남면 감악산로 63-37,경기도 포천시,차봉환,031-538-3883,
441560202200894,http://www.animal.go.kr/files/shelter/2022/07/202208021508587[1]_s.jpg,8/1/2022,호국로918-35 인근,[개] 믹스견,흰,2022(년생),3.2(Kg),경기-포천-2022-00673,8/2/2022,8/12/2022,http://www.animal.go.kr/files/shelter/2022/07/202208021508587[1].jpg,종료(안락사),M,N,양귀반접힘. 코검정. 전신피부질환의심. 사람좋아함/얌전/겁약간. 꼬리단미안됨. 털상태불량.,한국동물구조관리협회,031-867-9119,경기도 양주시 남면 감악산로 63-37,경기도 포천시,차봉환,031-538-3883,
441560202200893,http://www.animal.go.kr/files/shelter/2022/07/202208021508888_s.jpg,8/1/2022,군내면 용정1길 25-1 인근,[개] 믹스견,흰,2020(년생),11(Kg),경기-포천-2022-00672,8/2/2022,8/12/2022,http://www.animal.go.kr/files/shelter/2022/07/202208021508888.jpg,종료(안락사),M,N,양귀쫑긋. 코갈색. 몸잘못가눔. 오른쪽눈 충혈. 양후지마비. 사나움/입질. 진드기오염.,한국동물구조관리협회,031-867-9119,경기도 양주시 남면 감악산로 63-37,경기도 포천시,차봉환,031-538-3883,
441560202200892,http://www.animal.go.kr/files/shelter/2022/07/202208021508559_s.jpg,8/1/2022,선단동 56-2 인근,[개] 믹스견,흰/갈,2020(년생),6.1(Kg),경기-포천-2022-00671,8/2/2022,8/12/2022,http://www.animal.go.kr/files/shelter/2022/07/202208021508559.jpg,종료(안락사),F,U,빨간바탕 노란박음질 목줄. 양귀처짐. 코검정. 겁약간/소심/경계. 꼬리단미안됨. 털때탐.,한국동물구조관리협회,031-867-9119,경기도 양주시 남면 감악산로 63-37,경기도 포천시,차봉환,031-538-3883,
441414202200592,http://www.animal.go.kr/files/shelter/2022/07/202208021508824_s.jpg,8/1/2022,장남면 원당리 1181 일대,[개] 믹스견,흰,2022(년생),2.4(Kg),경기-연천-2022-00324,8/2/2022,8/12/2022,http://www.animal.go.kr/files/shelter/2022/07/202208021508824.jpg,종료(안락사),F,U,양귀처짐. 코검정. 소심. 꼬리단미안됨. 털상태 양호. 피부질환.,한국동물구조관리협회,031-867-9119,경기도 양주시 남면 감악산로 63-37,경기도 연천군,유기동물담당,031-839-2326,
441414202200591,http://www.animal.go.kr/files/shelter/2022/07/202208021508777_s.jpg,8/1/2022,장남면 원당리 1181 일대,[개] 믹스견,검/갈,2022(년생),2.2(Kg),경기-연천-2022-00323,8/2/2022,8/12/2022,http://www.animal.go.kr/files/shelter/2022/07/202208021508777.jpg,종료(안락사),F,U,양귀처짐. 코검정. 콧물약간(홍역: 음성). 얌전함. 꼬리단미안됨. 털상태 양호.,한국동물구조관리협회,031-867-9119,경기도 양주시 남면 감악산로 63-37,경기도 연천군,유기동물담당,031-839-2326,
441409202201113,http://www.animal.go.kr/files/shelter/2022/07/202208021508726_s.jpg,8/1/2022,사우동 869 김포보건소 앞,[개] 시베리안 허스키,검/흰,2021(년생),17(Kg),경기-김포-2022-00635,8/2/2022,8/12/2022,http://www.animal.go.kr/files/shelter/2022/07/202208021508726.jpg,종료(반환),M,Y,빨간바탕 파란줄 목줄. 코검정. 사람따름/얌전/겁약간. 꼬리단미안됨. 털때탐.,한국동물구조관리협회,031-867-9119,경기도 양주시 남면 감악산로 63-37 (남면),경기도 김포시,김수연,031-980-2893,
441409202201112,http://www.animal.go.kr/files/shelter/2022/07/202208021508115_s.jpg,8/1/2022,고촌읍 풍곡리 380-4 인근,[개] 믹스견,검/갈,2019(년생),25(Kg),경기-김포-2022-00634,8/2/2022,8/12/2022,http://www.animal.go.kr/files/shelter/2022/07/202208021508115.jpg,종료(안락사),F,U,양귀처짐. 코검정. 사람약간따름/겁약간/활발. 꼬리단미안됨. 털때탐.,한국동물구조관리협회,031-867-9119,경기도 양주시 남면 감악산로 63-37 (남면),경기도 김포시,김수연,031-980-2893,
441409202201111,http://www.animal.go.kr/files/shelter/2022/07/202208021508114_s.jpg,8/1/2022,고촌읍 풍곡리 380-4 인근,[개] 믹스견,검/갈,2019(년생),23(Kg),경기-김포-2022-00633,8/2/2022,8/12/2022,http://www.animal.go.kr/files/shelter/2022/07/202208021508114.jpg,종료(안락사),F,U,양귀처짐. 코검정. 겁있음/소심함. 꼬리단미안됨. 털때탐.,한국동물구조관리협회,031-867-9119,경기도 양주시 남면 감악산로 63-37 (남면),경기도 김포시,김수연,031-980-2893,
441409202201110,http://www.animal.go.kr/files/shelter/2022/07/202208021508638_s.jpg,8/1/2022,고촌읍 풍곡리 380-4 인근,[개] 믹스견,검/갈,2019(년생),26(Kg),경기-김포-2022-00632,8/2/2022,8/12/2022,http://www.animal.go.kr/files/shelter/2022/07/202208021508638.jpg,종료(안락사),F,U,양귀처짐. 코검정. 소심함. 겁있음. 꼬리단미안됨. 털때탐.,한국동물구조관리협회,031-867-9119,경기도 양주시 남면 감악산로 63-37 (남면),경기도 김포시,김수연,031-980-2893,
441409202201109,http://www.animal.go.kr/files/shelter/2022/07/20220802150885[1]_s.jpg,8/1/2022,고촌읍 풍곡리 380-4 인근,[개] 믹스견,검/갈,2016(년생),25(Kg),경기-김포-2022-00631,8/2/2022,8/12/2022,http://www.animal.go.kr/files/shelter/2022/07/20220802150885[1].jpg,종료(안락사),F,U,양귀처짐. 코검정. 겁있음/소심함. 꼬리단미안됨. 털때탐.,한국동물구조관리협회,031-867-9119,경기도 양주시 남면 감악산로 63-37 (남면),경기도 김포시,김수연,031-980-2893,
441409202201108,http://www.animal.go.kr/files/shelter/2022/07/202208021508838_s.jpg,8/1/2022,고촌읍 풍곡리 380-4 인근,[개] 믹스견,검/갈,2019(년생),24(Kg),경기-김포-2022-00630,8/2/2022,8/12/2022,http://www.animal.go.kr/files/shelter/2022/07/202208021508838.jpg,종료(안락사),F,U,양귀처짐. 코검정. 겁많음/소심. 꼬리단미안됨. 털때탐.,한국동물구조관리협회,031-867-9119,경기도 양주시 남면 감악산로 63-37 (남면),경기도 김포시,김수연,031-980-2893,
441409202201107,http://www.animal.go.kr/files/shelter/2022/07/202208021508402_s.jpg,8/1/2022,고촌읍 풍곡리 380-4 인근,[개] 믹스견,검/흰,2020(년생),17(Kg),경기-김포-2022-00629,8/2/2022,8/12/2022,http://www.animal.go.kr/files/shelter/2022/07/202208021508402.jpg,종료(안락사),M,N,양귀반접힘. 코검정. 겁있음/소심함. 꼬리단미안됨. 털때탐.,한국동물구조관리협회,031-867-9119,경기도 양주시 남면 감악산로 63-37 (남면),경기도 김포시,김수연,031-980-2893,
441409202201106,http://www.animal.go.kr/files/shelter/2022/07/202208021508939_s.jpg,8/1/2022,고촌읍 풍곡리 380-4 인근,[개] 믹스견,흰,2020(년생),20(Kg),경기-김포-2022-00628,8/2/2022,8/12/2022,http://www.animal.go.kr/files/shelter/2022/07/202208021508939.jpg,종료(안락사),F,U,양귀끝처짐. 코검정. 콧등 상처. 겁있음/소심함. 꼬리단미안됨. 털때탐.,한국동물구조관리협회,031-867-9119,경기도 양주시 남면 감악산로 63-37 (남면),경기도 김포시,김수연,031-980-2893,
441409202201105,http://www.animal.go.kr/files/shelter/2022/07/20220802150885_s.jpg,8/1/2022,고촌읍 풍곡리 380-4 인근,[개] 믹스견,검/갈,2020(년생),30(Kg),경기-김포-2022-00627,8/2/2022,8/12/2022,http://www.animal.go.kr/files/shelter/2022/07/20220802150885.jpg,종료(안락사),F,U,양귀처짐. 코검정. 사타구니 혹있음. 겁있음/소심. 꼬리단미안됨. 털때탐.,한국동물구조관리협회,031-867-9119,경기도 양주시 남면 감악산로 63-37 (남면),경기도 김포시,김수연,031-980-2893,
441409202201104,http://www.animal.go.kr/files/shelter/2022/07/202208021508590_s.jpg,8/1/2022,고촌읍 풍곡리 380-4 인근,[개] 믹스견,갈/검,2020(년생),30(Kg),경기-김포-2022-00626,8/2/2022,8/12/2022,http://www.animal.go.kr/files/shelter/2022/07/202208021508590.jpg,종료(안락사),M,N,양귀처짐. 코검정. 짖음/겁약간/소심함. 꼬리단미안됨. 털때탐.,한국동물구조관리협회,031-867-9119,경기도 양주시 남면 감악산로 63-37 (남면),경기도 김포시,김수연,031-980-2893,
441409202201103,http://www.animal.go.kr/files/shelter/2022/07/20220802150890_s.jpg,8/1/2022,고촌읍 풍곡리 380-4 인근,[개] 믹스견,갈/흰,2021(년생),12(Kg),경기-김포-2022-00625,8/2/2022,8/12/2022,http://www.animal.go.kr/files/shelter/2022/07/20220802150890.jpg,종료(안락사),M,N,양귀쫑긋. 코검정. 겁약간. 꼬리단미안됨. 털때탐.,한국동물구조관리협회,031-867-9119,경기도 양주시 남면 감악산로 63-37 (남면),경기도 김포시,김수연,031-980-2893,
441409202201102,http://www.animal.go.kr/files/shelter/2022/07/202208021508953_s.jpg,8/1/2022,고촌읍 풍곡리 380-4 인근,[개] 믹스견,갈/검,2018(년생),13.8(Kg),경기-김포-2022-00624,8/2/2022,8/12/2022,http://www.animal.go.kr/files/shelter/2022/07/202208021508953.jpg,종료(안락사),M,N,빨간바탕 파란줄목줄. 양귀처짐. 코검정. 틱증상(홍역: 음성). 겁약간/소심/경계. 꼬리단미안됨. 털때탐.,한국동물구조관리협회,031-867-9119,경기도 양주시 남면 감악산로 63-37 (남면),경기도 김포시,김수연,031-980-2893,
441409202201101,http://www.animal.go.kr/files/shelter/2022/07/20220802150827_s.jpg,8/1/2022,고촌읍 풍곡리 380-4 인근,[개] 믹스견,흰/갈,2020(년생),11(Kg),경기-김포-2022-00623,8/2/2022,8/12/2022,http://www.animal.go.kr/files/shelter/2022/07/20220802150827.jpg,종료(안락사),F,U,빨간바탕 가운데 파란줄 목줄. 양귀쫑긋. 코검정. 사람좋아함/활발/애교있음. 꼬리단미안됨. 털때탐.,한국동물구조관리협회,031-867-9119,경기도 양주시 남면 감악산로 63-37 (남면),경기도 김포시,김수연,031-980-2893,
441409202201100,http://www.animal.go.kr/files/shelter/2022/07/20220802150831_s.jpg,8/1/2022,하성면 전류리 170-3 인근,[개] 믹스견,갈/흰,2020(년생),5.6(Kg),경기-김포-2022-00622,8/2/2022,8/12/2022,http://www.animal.go.kr/files/shelter/2022/07/20220802150831.jpg,종료(안락사),M,N,사고추정.왼눈위축.뒷덜미상처.우전지 파행/상완골절의심.우측귀~얼굴부위 상처/염증.겁/방어적입질.,한국동물구조관리협회,031-867-9119,경기도 양주시 남면 감악산로 63-37 (남면),경기도 김포시,김수연,031-980-2893,
441394202201528,http://www.animal.go.kr/files/shelter/2022/07/202208020808557_s.jpg,8/1/2022,사리현동 644-6부근,[개] 믹스견,"흰색 , 황색",2019(년생),13(Kg),경기-고양-2022-00561,8/2/2022,8/12/2022,http://www.animal.go.kr/files/shelter/2022/07/202208020808557.jpg,보호중,F,U,빛바랜 빨강색 목줄 착용,고양시동물보호센터,031-962-3232,"경기도 고양시 덕양구 고양대로 1695 (원흥동, 고양시 농업기술센터) 고양시동물보호센터",경기도 고양시,조재현(유기동물보호),031-8075-4657,
441394202201527,http://www.animal.go.kr/files/shelter/2022/07/202208012008395_s.jpg,8/1/2022,지영동 820 부근,[개] 포메라니안,검정,2015(년생),3.5(Kg),경기-고양-2022-00560,8/2/2022,8/12/2022,http://www.animal.go.kr/files/shelter/2022/07/202208012008395.jpg,종료(반환),F,U,없음,고양시동물보호센터,031-962-3232,"경기도 고양시 덕양구 고양대로 1695 (원흥동, 고양시 농업기술센터) 고양시동물보호센터",경기도 고양시,조재현(유기동물보호),031-8075-4657,
441394202201526,http://www.animal.go.kr/files/shelter/2022/07/202208011708279_s.jpg,8/1/2022,정발산동692-3 부근,[고양이] 한국 고양이,"흰색,황색",2022(년생),0.6(Kg),경기-고양-2022-00559,8/2/2022,8/12/2022,http://www.animal.go.kr/files/shelter/2022/07/202208011708279.jpg,종료(자연사),Q,N,"부상묘,아기고양이",고양시동물보호센터,031-962-3232,"경기도 고양시 덕양구 고양대로 1695 (원흥동, 고양시 농업기술센터) 고양시동물보호센터",경기도 고양시,조재현(유기동물보호),031-8075-4657,
441392202200198,http://www.animal.go.kr/files/shelter/2022/07/202208021508893_s.jpg,8/1/2022,벌마들로 25번길 51 일대,[개] 믹스견,검/회/갈,2019(년생),23(Kg),경기-동두천-2022-00169,8/2/2022,8/12/2022,http://www.animal.go.kr/files/shelter/2022/07/202208021508893.jpg,종료(안락사),M,N,낡은빨간바탕파란줄무늬목줄.사람따름/얌전/소심/겁약간.꼬리단미안됨.,한국동물구조관리협회,031-867-9119,경기도 양주시 남면 감악산로 63-37,경기도 동두천시,김인기,031-860-2322,
441382202200676,http://www.animal.go.kr/files/shelter/2022/07/202208021508583_s.jpg,8/1/2022,신흥로240번길 26 인근,[고양이] 한국 고양이,갈/검/흰,2020(년생),2(Kg),경기-의정부-2022-00199,8/2/2022,8/12/2022,http://www.animal.go.kr/files/shelter/2022/07/202208021508583.jpg,종료(입양),F,U,눈곱.콧물.양후지파행.골반쪽골절있는듯.기력없음.사람따름.얌전함.,한국동물구조관리협회,031-867-9119,경기도 양주시 남면 감악산로 63-37 (남면),경기도 의정부시,이인애,031-828-4083,
441374202200770,http://www.animal.go.kr/files/shelter/2022/07/202208021308371[1]_s.jpg,8/1/2022,권선구 매송고색로506번길 17,[개] 사모예드,흰색,2016(년생),25(Kg),경기-수원-2022-00489,8/2/2022,8/12/2022,http://www.animal.go.kr/files/shelter/2022/07/202208021308371[1].jpg,종료(반환),F,N,내장칩 있음,수원시 동물보호센터,031-228-3557,"경기도 수원시 영통구 광교호수로 234 (하동, 수원시 동물보호센터) 하동 40-10",경기도 수원시,수원시,031-228-3162,
441374202200769,http://www.animal.go.kr/files/shelter/2022/07/202208021308587_s.jpg,8/1/2022,영통구 삼성로168번길 10,[개] 믹스견,연갈색,2018(년생),10.6(Kg),경기-수원-2022-00488,8/2/2022,8/12/2022,http://www.animal.go.kr/files/shelter/2022/07/202208021308587.jpg,종료(반환),F,U,,수원시 동물보호센터,031-228-3557,"경기도 수원시 영통구 광교호수로 234 (하동, 수원시 동물보호센터) 하동 40-10",경기도 수원시,수원시,031-228-3162,
431372202200379,http://www.animal.go.kr/files/shelter/2022/07/202208021308112_s.jpg,8/1/2022,북구 메아리학교,[개] 믹스견,연황구,2021(년생),18.2(Kg),울산-북구-2022-00200,8/2/2022,8/12/2022,http://www.animal.go.kr/files/shelter/2022/07/202208021308112.jpg,보호중,M,N,"초록색 목테 착용,순함(진도+리트리버 믹스추정)",울산유기동물보호센터,052-238-6113,울산광역시 울주군 온양읍 화산발리로 543,울산광역시 북구,구리라,052-241-8085,
431370202200706,http://www.animal.go.kr/files/shelter/2022/07/202208021208162_s.jpg,8/1/2022,울산대공원정문,[개] 믹스견,"검정,흰색",2012(년생),2.3(Kg),울산-남구-2022-00462,8/2/2022,8/12/2022,http://www.animal.go.kr/files/shelter/2022/07/202208021208162.jpg,보호중,M,N,"허약,치아없음,파란초록색줄무늬옷착용",미래펫동물병원,052-273-5911,울산광역시 남구 중앙로 218-1 (신정동),울산광역시 남구,권도하,052-226-5264,
431370202200705,http://www.animal.go.kr/files/shelter/2022/07/202208021208866_s.jpg,8/1/2022,강일웅동물병원,[고양이] 한국 고양이,"흰색,검정,갈색",2022(년생),0.2(Kg),울산-남구-2022-00461,8/2/2022,8/12/2022,http://www.animal.go.kr/files/shelter/2022/07/202208021208866.jpg,종료(자연사),M,N,"나이30일추정,결막부종,비루,쇠약",미래펫동물병원,052-273-5911,울산광역시 남구 중앙로 218-1 (신정동),울산광역시 남구,권도하,052-226-5264,
431370202200704,http://www.animal.go.kr/files/shelter/2022/07/202208021208901_s.jpg,8/1/2022,강일웅동물병원,[고양이] 한국 고양이,"검정,갈색",2022(년생),0.3(Kg),울산-남구-2022-00460,8/2/2022,8/12/2022,http://www.animal.go.kr/files/shelter/2022/07/202208021208901.jpg,종료(입양),F,N,"나이30잉추정,결막부종,비루,쇠약",미래펫동물병원,052-273-5911,울산광역시 남구 중앙로 218-1 (신정동),울산광역시 남구,권도하,052-226-5264,
431370202200703,http://www.animal.go.kr/files/shelter/2022/07/202208021208165_s.jpg,8/1/2022,강일웅동물병원,[고양이] 한국 고양이,"흰색,진회색,갈색",2022(년생),0.3(Kg),울산-남구-2022-00459,8/2/2022,8/12/2022,http://www.animal.go.kr/files/shelter/2022/07/202208021208165.jpg,종료(입양),M,N,"나이30일추정,결막부종,비루,쇠약",미래펫동물병원,052-273-5911,울산광역시 남구 중앙로 218-1 (신정동),울산광역시 남구,권도하,052-226-5264,
430364202200202,http://www.animal.go.kr/files/shelter/2022/07/202208020908123_s.jpg,8/1/2022,은어송 4 단지 인근,[개] 믹스견,백색,2014(년생),25(Kg),대전-동구-2022-00199,8/2/2022,8/12/2022,http://www.animal.go.kr/files/shelter/2022/07/202208020908123.jpg,종료(반환),M,U,,대전동물보호센터,042-825-1118,대전광역시 유성구 금남구즉로 1234 (금고동) 대전광역시 동물보호센터,대전광역시 동구,황서영,042-251-4647,
428356202201051,http://www.animal.go.kr/files/shelter/2022/07/202208011808572_s.jpg,8/1/2022,서구 도요지로236번길20,[고양이] 한국 고양이,파티칼라,2022(년생),0.1(Kg),인천-서구-2022-00582,8/2/2022,8/12/2022,http://www.animal.go.kr/files/shelter/2022/07/202208011808572.jpg,종료(자연사),M,N,생후3-4일정도 추정,우리동물병원,032-566-0075,인천광역시 서구 서곶로 349 (연희동) 우리동물병원,인천광역시 서구,김하린,032-560-1903,
428356202201050,http://www.animal.go.kr/files/shelter/2022/07/202208011708834_s.jpg,8/1/2022,서구청 경에과,[고양이] 러시안 블루,회색,2021(년생),4.5(Kg),인천-서구-2022-00581,8/2/2022,8/12/2022,http://www.animal.go.kr/files/shelter/2022/07/202208011708834.jpg,종료(반환),F,U,멀미심함. 침흘림. 하악질.,가정동물병원,032-575-0833,인천광역시 서구 가정로 346 (가정동),인천광역시 서구,김하린,032-560-1903,
428356202201049,http://www.animal.go.kr/files/shelter/2022/07/20220801140814_s.jpg,8/1/2022,연희동 378,[고양이] 한국 고양이,흰,2022(년생),0.42(Kg),인천-서구-2022-00580,8/2/2022,8/12/2022,http://www.animal.go.kr/files/shelter/2022/07/20220801140814.jpg,종료(입양),F,N,혼자입소. 4주추정. 오드아이. 설사. 혈변. 범백음성. 하악질,가정동물병원,032-575-0833,인천광역시 서구 가정로 346 (가정동),인천광역시 서구,김하린,032-560-1903,
428356202201048,http://www.animal.go.kr/files/shelter/2022/07/202208011408466_s.jpg,8/1/2022,검암동 494-7,[고양이] 한국 고양이,고등어,2022(년생),1.14(Kg),인천-서구-2022-00579,8/2/2022,8/12/2022,http://www.animal.go.kr/files/shelter/2022/07/202208011408466.jpg,종료(자연사),M,N,혼자입소. 2개월추정. 몸 곳곳에 물린 상처. 소독처치 완료. 하악질.,가정동물병원,032-575-0833,인천광역시 서구 가정로 346 (가정동),인천광역시 서구,김하린,032-560-1903,
428356202201047,http://www.animal.go.kr/files/shelter/2022/07/202208011208775_s.jpg,8/1/2022,서구청 당직실,[개] 믹스견,흰색,2022(년생),2(Kg),인천-서구-2022-00578,8/2/2022,8/12/2022,http://www.animal.go.kr/files/shelter/2022/07/202208011208775.jpg,보호중,F,N,경계심있음,우리동물병원,032-566-0075,인천광역시 서구 서곶로 349 (연희동) 우리동물병원,인천광역시 서구,김하린,032-560-1903,
428355202200554,http://www.animal.go.kr/files/shelter/2022/07/202208012208533_s.jpg,8/1/2022,계양소방서(작전동),[개] 푸들,갈색,2019(년생),3.5(Kg),인천-계양-2022-00351,8/2/2022,8/12/2022,http://www.animal.go.kr/files/shelter/2022/07/202208012208533.jpg,종료(입양),M,Y,꼬리 단미안되어있슴,신영재동물병원,032-552-0075,인천광역시 계양구 장제로 923 (병방동),인천광역시 계양구,계양구,032-450-6844,
428353202200834,http://www.animal.go.kr/files/shelter/2022/07/202208021308401_s.jpg,8/1/2022,남동구 석산로 9번길 5-5,[개] 믹스견,흰색,2019(년생),20(Kg),인천-남동-2022-00369,8/2/2022,8/12/2022,http://www.animal.go.kr/files/shelter/2022/07/202208021308401.jpg,종료(자연사),F,U,빨간가슴끈,인천광역시수의사회,032-515-7567,"인천광역시 계양구 다남로165번길 56 (다남동, 유기동물보호소)",인천광역시 남동구,남동구,032-453-6093,
428353202200833,http://www.animal.go.kr/files/shelter/2022/07/202208021108790_s.jpg,8/1/2022,남동구 간석동 1-287,[고양이] 한국 고양이,흰/갈,2019(년생),3(Kg),인천-남동-2022-00368,8/2/2022,8/12/2022,http://www.animal.go.kr/files/shelter/2022/07/202208021108790.jpg,종료(자연사),M,N,교통사고로 기립불가,인천광역시수의사회,032-515-7567,"인천광역시 계양구 다남로165번길 56 (다남동, 유기동물보호소)",인천광역시 남동구,남동구,032-453-6093,
428353202200832,http://www.animal.go.kr/files/shelter/2022/07/202208021108737_s.jpg,8/1/2022,남동구 논현동 644-1,[개] 믹스견,검/갈,2022(년생),3.3(Kg),인천-남동-2022-00367,8/2/2022,8/12/2022,http://www.animal.go.kr/files/shelter/2022/07/202208021108737.jpg,종료(자연사),M,N,"두달추정, 원숭이부분털 검정색",인천광역시수의사회,032-515-7567,"인천광역시 계양구 다남로165번길 56 (다남동, 유기동물보호소)",인천광역시 남동구,남동구,032-453-6093,
428353202200831,http://www.animal.go.kr/files/shelter/2022/07/202208021108999[1]_s.jpg,8/1/2022,남동구 논현동 644-1,[개] 믹스견,연갈색,2022(년생),2.7(Kg),인천-남동-2022-00366,8/2/2022,8/12/2022,http://www.animal.go.kr/files/shelter/2022/07/202208021108999[1].jpg,종료(입양),F,U,2달추정. 귀부분 진한갈색,인천광역시수의사회,032-515-7567,"인천광역시 계양구 다남로165번길 56 (다남동, 유기동물보호소)",인천광역시 남동구,남동구,032-453-6093,입양전제로 임시보호중
428351202200619,http://www.animal.go.kr/files/shelter/2022/07/202208021308184_s.jpg,8/1/2022,미추홀구 인하로 174,[고양이] 한국 고양이,회/검/흰,2022(년생),0.6(Kg),인천-미추홀-2022-00341,8/2/2022,8/12/2022,http://www.animal.go.kr/files/shelter/2022/07/202208021308184.jpg,종료(자연사),Q,N,"두달추정, 뒷다리부상",인천광역시 수의사회,032-515-7567,"인천광역시 계양구 다남로165번길 56 (다남동, 유기동물보호소)",인천광역시 미추홀구,미추홀구,032-880-4384,
428351202200618,http://www.animal.go.kr/files/shelter/2022/07/202208021308261_s.jpg,8/1/2022,미추홀구 연송로 55,[고양이] 한국 고양이,검/흰,2022(년생),0.4(Kg),인천-미추홀-2022-00340,8/2/2022,8/12/2022,http://www.animal.go.kr/files/shelter/2022/07/202208021308261.jpg,종료(자연사),Q,N,"두달추정, 오른쪽발 검은점",인천광역시 수의사회,032-515-7567,"인천광역시 계양구 다남로165번길 56 (다남동, 유기동물보호소)",인천광역시 미추홀구,미추홀구,032-880-4384,
428351202200617,http://www.animal.go.kr/files/shelter/2022/07/202208021308303_s.jpg,8/1/2022,미추홀구 염창로 11,[고양이] 한국 고양이,검/흰,2022(년생),0.2(Kg),인천-미추홀-2022-00339,8/2/2022,8/12/2022,http://www.animal.go.kr/files/shelter/2022/07/202208021308303.jpg,보호중,Q,N,"한달추정, 발끝흰색",인천광역시 수의사회,032-515-7567,"인천광역시 계양구 다남로165번길 56 (다남동, 유기동물보호소)",인천광역시 미추홀구,미추홀구,032-880-4384,
428351202200616,http://www.animal.go.kr/files/shelter/2022/07/20220802130833_s.jpg,8/1/2022,미추홀구 인하로 236번길 30-20,[개] 말티즈,흰색,2013(년생),2(Kg),인천-미추홀-2022-00338,8/2/2022,8/12/2022,http://www.animal.go.kr/files/shelter/2022/07/20220802130833.jpg,종료(자연사),M,Y,"눈꼽심함, 순함",인천광역시 수의사회,032-515-7567,"인천광역시 계양구 다남로165번길 56 (다남동, 유기동물보호소)",인천광역시 미추홀구,미추홀구,032-880-4384,
428350202200101,http://www.animal.go.kr/files/shelter/2022/07/202208011108831_s.jpg,8/1/2022,구청당직실,[개] 페키니즈,흰색,2015(년생),9.00(Kg),인천-동구-2022-00057,8/2/2022,8/12/2022,http://www.animal.go.kr/files/shelter/2022/07/202208011108831.jpg,보호중,M,N,"등쪽에 피부병이 약간있고,몸에 가까이 가면 막 물고 대들고함.",경동동물병원,032-765-9988,인천광역시 중구 개항로 68 (경동) 경동동물병원,인천광역시 동구,김정선,032-770-6382,
427345202200465,http://www.animal.go.kr/files/shelter/2022/07/202208021008921_s.jpg,8/1/2022,칠곡 대백맨션 부근,[개] 불독,갈색+흰색,2019(년생),19(Kg),대구-북구-2022-00249,8/2/2022,8/12/2022,http://www.animal.go.kr/files/shelter/2022/07/202208021008921.jpg,종료(반환),F,U,"외국인이 이사 가며 버리고 감, 심장사상충 1기 감염",대구유기동물보호협회,053-964-6258,대구광역시 동구 금강로 151-13 (금강동),대구광역시 북구,도유경,053-665-3192,
427342202200491,http://www.animal.go.kr/files/shelter/2022/07/202208021008146_s.jpg,8/1/2022,금강역 부근,[개] 포메라니안,갈색,2010(년생),2(Kg),대구-동구-2022-00242,8/2/2022,8/12/2022,http://www.animal.go.kr/files/shelter/2022/07/202208021008146.jpg,종료(입양),F,U,노령견,대구유기동물보호센터,053-964-6258,대구광역시 동구 금강로 151-13 (금강동),대구광역시 동구,박우희,053-662-2654,
427342202200489,http://www.animal.go.kr/files/shelter/2022/07/202208021008756_s.jpg,8/1/2022,국채보상로 165길 33,[고양이] 한국 고양이,검정,2022(년생),0.42(Kg),대구-동구-2022-00240,8/2/2022,8/12/2022,http://www.animal.go.kr/files/shelter/2022/07/202208021008756.jpg,종료(자연사),M,N,"탈수 심하고 기력, 식욕 없음",대구유기동물보호센터,053-964-6258,대구광역시 동구 금강로 151-13 (금강동),대구광역시 동구,박우희,053-662-2654,
426339202200338,http://www.animal.go.kr/files/shelter/2022/07/202208020908157_s.jpg,8/1/2022,가야대로 366번길 87-8,[고양이] 한국 고양이,노흰,2022(년생),0.3(Kg),부산-사상-2022-00200,8/2/2022,8/12/2022,http://www.animal.go.kr/files/shelter/2022/07/202208020908157.jpg,보호중,Q,U,"사상구-200 노흰&어미없음,.젖먹이,허약,탈진(3개월미만 추정)",유기동물및동물보호협,051-971-6208,부산광역시 강서구 가락대로1283번길 25-2 (봉림동),부산광역시 사상구,여선희,051-310-4781,
426338202200340,http://www.animal.go.kr/files/shelter/2022/07/20220802130823_s.jpg,8/1/2022,연수로249번길 12-18,[고양이] 한국 고양이,갈색+검정,2022(년생),0.13(Kg),부산-수영-2022-00166,8/2/2022,8/12/2022,http://www.animal.go.kr/files/shelter/2022/07/20220802130823.jpg,보호중,F,U,"3개월미만 추정, 영양상태 불량, 기력저하",누리동물병원,051-701-7599,부산광역시 해운대구 송정2로13번길 46 (송정동),부산광역시 수영구,박준영,051-610-4507,
426331202200318,http://www.animal.go.kr/files/shelter/2022/07/202208021408461_s.jpg,8/1/2022,양지골로287번길 22,[고양이] 한국 고양이,갈색+흰색,2022(년생),0.5(Kg),부산-남구-2022-00204,8/2/2022,8/12/2022,http://www.animal.go.kr/files/shelter/2022/07/202208021408461.jpg,보호중,M,N,"3개월 미만 추정, 영양상태 불량, 기력저하",누리동물병원,051-701-7599,부산광역시 해운대구 송정동 85-1,부산광역시 남구,정준혁,051-607-4481,
426330202200395,http://www.animal.go.kr/files/shelter/2022/07/202208021108368_s.jpg,8/1/2022,명장로63번라길 24,[고양이] 혼합,갈색+검정색,2022(년생),0.7(Kg),부산-동래-2022-00196,8/2/2022,8/12/2022,http://www.animal.go.kr/files/shelter/2022/07/202208021108368.jpg,종료(자연사),F,U,"3개월미만 추정, 영양상태 불량, 기립불능, 기력매우 저하",누리동물병원,051-701-7599,부산광역시 해운대구 송정2로13번길 46 (송정동) 누리동물병원,부산광역시 동래구,동래구,051-550-4915,
426330202200394,http://www.animal.go.kr/files/shelter/2022/07/202208021108448_s.jpg,8/1/2022,사직동 여명중학교 버스정류장,[고양이] 혼합,갈색+검정색,2019(년생),3.5(Kg),부산-동래-2022-00195,8/2/2022,8/12/2022,http://www.animal.go.kr/files/shelter/2022/07/202208021108448.jpg,보호중,F,U,"뒷다리 부상, 사고의심, 하늘색 목줄착용, 기력저하",누리동물병원,051-701-7599,부산광역시 해운대구 송정2로13번길 46 (송정동) 누리동물병원,부산광역시 동래구,동래구,051-550-4915,
426330202200393,http://www.animal.go.kr/files/shelter/2022/07/202208021108157_s.jpg,8/1/2022,온천동 산 184-2,[개] 혼합,흰색,2022(년생),7(Kg),부산-동래-2022-00194,8/2/2022,8/12/2022,http://www.animal.go.kr/files/shelter/2022/07/202208021108157.jpg,보호중,F,U,예민함,누리동물병원,051-701-7599,부산광역시 해운대구 송정2로13번길 46 (송정동) 누리동물병원,부산광역시 동래구,동래구,051-550-4915,
426328202200300,http://www.animal.go.kr/files/shelter/2022/07/202208021008763[1]_s.jpg,8/1/2022,청학서로 70-14,[고양이] 스코티시폴드,얼룩무늬 회색,2018(년생),5.2(Kg),부산-영도-2022-00107,8/2/2022,8/12/2022,http://www.animal.go.kr/files/shelter/2022/07/202208021008763[1].jpg,종료(자연사),M,N,보행 어려움/ 기력 없음,하얀비둘기,051-293-9779,부산광역시 강서구 제도로 726 (강동동),부산광역시 영도구,유혜정,051-419-6211,
411323202200680,http://www.animal.go.kr/files/shelter/2022/07/202208021508544[1]_s.jpg,8/1/2022,송파구 마천로 7길 4 인근,[고양이] 한국 고양이,갈/흰,2022(년생),0.3(Kg),서울-송파-2022-00099,8/2/2022,8/12/2022,http://www.animal.go.kr/files/shelter/2022/07/202208021508544[1].jpg,종료(자연사),M,N,케이지째 발견. 눈곱. 콧물. 코분홍. 털상태양호.,한국동물구조관리협회,031-867-9119,경기도 양주시 남면 감악산로 63-37 (남면),서울특별시 송파구,원은실,02-2147-2835,
411317202200288,http://www.animal.go.kr/files/shelter/2022/07/202208021508589_s.jpg,8/1/2022,시흥대로 40라길 34 인근,[개] 믹스견,갈/흰,2021(년생),17(Kg),서울-금천-2022-00086,8/2/2022,8/12/2022,http://www.animal.go.kr/files/shelter/2022/07/202208021508589.jpg,보호중,M,N,양귀쫑긋. 코검정. 겁약간/소심/경계. 꼬리단미안됨. 털때탐.,한국동물구조관리협회,031-867-9119,경기도 양주시 남면 감악산로 63-37 (남면),서울특별시 금천구,생활유통팀,02-2627-1313,
411316202200720,http://www.animal.go.kr/files/shelter/2022/07/202208021508155_s.jpg,8/1/2022,경인로 31길 16 인근,[기타축종] 앵무새,초/빨/흰/노/파,2021(년생),0.03(Kg),서울-구로-2022-00107,8/2/2022,8/12/2022,http://www.animal.go.kr/files/shelter/2022/07/202208021508155.jpg,종료(입양),Q,U,오른발 링있음. 윙컷안됨. 도망다님. 정확한 성별확인 어려움. 물려고함. 외관양호.,한국동물구조관리협회,031-867-9119,경기도 양주시 남면 감악산로 63-37,서울특별시 구로구,질병관리과,02-860-2428,
411316202200719,http://www.animal.go.kr/files/shelter/2022/07/20220802150852_s.jpg,8/1/2022,오류동 66 오류동역 인근,[기타축종] 앵무새,노/검/초/흰,2021(년생),0.02(Kg),서울-구로-2022-00106,8/2/2022,8/12/2022,http://www.animal.go.kr/files/shelter/2022/07/20220802150852.jpg,종료(입양),M,U,콧등때탐. 윙컷되어있음. 사람따름. 외관 양호.,한국동물구조관리협회,031-867-9119,경기도 양주시 남면 감악산로 63-37,서울특별시 구로구,질병관리과,02-860-2428,
411315202200315,http://www.animal.go.kr/files/shelter/2022/07/202208021508929_s.jpg,8/1/2022,공항대로 65길 21 인근,[고양이] 한국 고양이,검/흰,2022(년생),0.4(Kg),서울-강서-2022-00122,8/2/2022,8/12/2022,http://www.animal.go.kr/files/shelter/2022/07/202208021508929.jpg,종료(자연사),F,U,눈곱. 콧물. 코분홍. 털때탐.,한국동물구조관리협회,031-867-9119,경기도 양주시 남면 감악산로 63-37 (남면) 한국동물구조관리협회,서울특별시 강서구,동물보호팀,02-2600-6272,
411311202200535,http://www.animal.go.kr/files/shelter/2022/07/202208021508359_s.jpg,8/1/2022,진관동 63 롯데몰 은평점 인근,[고양이] 한국 고양이,검/흰,2022(년생),0.5(Kg),서울-은평-2022-00164,8/2/2022,8/12/2022,http://www.animal.go.kr/files/shelter/2022/07/202208021508359.jpg,보호중,M,N,눈곱. 콧물. 코분홍. 기력없음. 제대로 보행못함/비틀댐. 머리를 잘 가누지 못함. 털때탐.,한국동물구조관리협회,031-867-9119,경기도 양주시 남면 감악산로 63-48,서울특별시 은평구,이지현,02-351-6842,
411311202200534,http://www.animal.go.kr/files/shelter/2022/07/202208021508405_s.jpg,8/1/2022,진관동 107-2 만남의다리 일대,[기타축종] 앵무새,노/검/초/파/흰,2022(년생),0.02(Kg),서울-은평-2022-00163,8/2/2022,8/12/2022,http://www.animal.go.kr/files/shelter/2022/07/202208021508405.jpg,종료(자연사),M,U,윙컷 안돼있음. 기력없음. 날지못함. 외관 양호.,한국동물구조관리협회,031-867-9119,경기도 양주시 남면 감악산로 63-48,서울특별시 은평구,이지현,02-351-6842,
411311202200533,http://www.animal.go.kr/files/shelter/2022/07/202208021508267_s.jpg,8/1/2022,역촌동 57-18 인근,[개] 푸들,갈,2015(년생),3.3(Kg),서울-은평-2022-00162,8/2/2022,8/12/2022,http://www.animal.go.kr/files/shelter/2022/07/202208021508267.jpg,종료(반환),M,Y,연두색하트무늬하네스.코검정.치석.사람좋아함/활발/애교있음.꼬리단미됨.털때탐.칩있음.기침.,한국동물구조관리협회,031-867-9119,경기도 양주시 남면 감악산로 63-48,서울특별시 은평구,이지현,02-351-6842,
411308202200516,http://www.animal.go.kr/files/shelter/2022/07/20220802150881_s.jpg,8/1/2022,미아동 312-16 인근,[개] 믹스견,갈/흰,2019(년생),8.8(Kg),서울-강북-2022-00154,8/2/2022,8/12/2022,http://www.animal.go.kr/files/shelter/2022/07/20220802150881.jpg,종료(반환),M,N,주황바탕 초록색두줄 목줄. 사람따름/얌전. 꼬리단미안됨. 털때탐.,한국동물구조관리협회,031-867-9119,경기도 양주시 남면 상수리 410-1,서울특별시 강북구,,02-901-6464,
411307202200212,http://www.animal.go.kr/files/shelter/2022/07/202208021508714_s.jpg,8/1/2022,정릉동 북한산국립공원 둘레길 솔샘길 일대,[개] 믹스견,갈/검,2021(년생),13(Kg),서울-성북-2022-00085,8/2/2022,8/12/2022,http://www.animal.go.kr/files/shelter/2022/07/202208021508714.jpg,보호중,M,N,양귀쫑긋. 코검정. 겁많음/소심/경계/ 꼬리단미안됨. 털때탐.,한국동물구조관리협회,031-867-9119,경기도 양주시 남면 감악산로 63-37 (남면),서울특별시 성북구,조은정,02-2241-3932,
411305202200253,http://www.animal.go.kr/files/shelter/2022/07/202208021508116_s.jpg,8/1/2022,답십리동 485-53 인근,[고양이] 한국 고양이,검/흰,2022(년생),0.5(Kg),서울-동대문-2022-00111,8/2/2022,8/12/2022,http://www.animal.go.kr/files/shelter/2022/07/202208021508116.jpg,종료(자연사),M,N,눈곱. 콧물. 코분홍. 꼬리단미안됨. 털때탐.,한국동물구조관리협회,031-867-9119,경기도 양주시 남면 감악산로 63-37,서울특별시 동대문구,남우창,02-2127-4268,
469569202200492,http://www.animal.go.kr/files/shelter/2022/07/202208012008942_s.jpg,8/1/2022,부강면 부강리 125-4,[개] 웰시코기,갈색,2017(년생),8.3(Kg),세종-세종-2022-00262,8/1/2022,8/11/2022,http://www.animal.go.kr/files/shelter/2022/07/202208012008942.jpg,종료(반환),F,U,심장사상충 양성,세종유기동물보호센터,010-4435-3720,세종특별자치시 전동면 미륵당1길 188 (전동면),세종특별자치시,동물복지담당,044-300-7615,
469569202200491,http://www.animal.go.kr/files/shelter/2022/07/202208012008263_s.jpg,8/1/2022,조치원읍 원리 119지역대로부터 인계받음,[개] 말티즈,흰색,2014(년생),3(Kg),세종-세종-2022-00261,8/1/2022,8/11/2022,http://www.animal.go.kr/files/shelter/2022/07/202208012008263.jpg,보호중,M,U,관리가 안되어 있음,세종유기동물보호센터,010-4435-3720,세종특별자치시 전동면 미륵당1길 188 (전동면),세종특별자치시,동물복지담당,044-300-7615,
469569202200490,http://www.animal.go.kr/files/shelter/2022/07/202208012008789_s.jpg,8/1/2022,"연기면 보통리 33-1 자전거도로, 아름119안전센터에서 인계받음",[개] 보더 콜리,검정 얼룩,2020(년생),20(Kg),세종-세종-2022-00260,8/1/2022,8/11/2022,http://www.animal.go.kr/files/shelter/2022/07/202208012008789.jpg,보호중,M,U,심장사상충 음성,세종유기동물보호센터,010-4435-3720,세종특별자치시 전동면 미륵당1길 188 (전동면),세종특별자치시,동물복지담당,044-300-7615,
450651202201347,http://www.animal.go.kr/files/shelter/2022/07/202208011708358_s.jpg,8/1/2022,"제주시 신대로14길 47,1105호",[기타축종] 토끼,흰색,2022(년생),5(Kg),제주-제주-2022-00013,8/1/2022,8/11/2022,http://www.animal.go.kr/files/shelter/2022/07/202208011708358.jpg,보호중,M,U,"흰색, 파란눈",제주동물보호센터,010-2929-4114,제주특별자치도 제주시 첨단동길 184-14 (용강동),제주특별자치도 제주시,박세익,064-728-3816,
448546202200412,http://www.animal.go.kr/files/shelter/2022/07/202208011808660_s.jpg,8/1/2022,수동면 서평마을,[개] 믹스견,흰색,2022(년생),3(Kg),경남-함양-2022-00146,8/1/2022,8/11/2022,http://www.animal.go.kr/files/shelter/2022/07/202208011808660.jpeg,종료(자연사),M,N,"수컷, 믹스견, 흰색, 생후 1년 미만 추정, 약 3kg, 온순함",함양군위탁보호소,055-960-8143,"경상남도 함양군 함양읍 함양남서로 996-76 (함양읍, 농업기술센터)",경상남도 함양군,,055-960-8140,
448546202200411,http://www.animal.go.kr/files/shelter/2022/07/202208011808548_s.jpg,8/1/2022,수동면 서평마을,[개] 믹스견,"검은색, 연한 갈색",2022(년생),3(Kg),경남-함양-2022-00145,8/1/2022,8/11/2022,http://www.animal.go.kr/files/shelter/2022/07/202208011808548.jpeg,보호중,M,N,"수컷, 믹스견, 검은색과 연한 갈색, 생후 1년 미만, 약 3kg, 온순함",함양군위탁보호소,055-960-8143,"경상남도 함양군 함양읍 함양남서로 996-76 (함양읍, 농업기술센터)",경상남도 함양군,,055-960-8140,
448546202200410,http://www.animal.go.kr/files/shelter/2022/07/202208011808727_s.jpg,8/1/2022,수동면 서평마을,[개] 믹스견,검은색,2022(년생),3(Kg),경남-함양-2022-00144,8/1/2022,8/11/2022,http://www.animal.go.kr/files/shelter/2022/07/202208011808727.jpeg,보호중,F,N,"암컷, 믹스견, 검은색, 생후 1년 미만, 약 3kg, 온순함",함양군위탁보호소,055-960-8143,"경상남도 함양군 함양읍 함양남서로 996-76 (함양읍, 농업기술센터)",경상남도 함양군,,055-960-8140,
448546202200409,http://www.animal.go.kr/files/shelter/2022/07/202208011808129_s.jpg,8/1/2022,수동면 서평마을,[개] 믹스견,검은색,2022(년생),3(Kg),경남-함양-2022-00143,8/1/2022,8/11/2022,http://www.animal.go.kr/files/shelter/2022/07/202208011808129.jpeg,종료(자연사),F,N,"암컷, 믹스견, 검은색, 생후 1년 미만, 약 3kg, 온순함",함양군위탁보호소,055-960-8143,"경상남도 함양군 함양읍 함양남서로 996-76 (함양읍, 농업기술센터)",경상남도 함양군,,055-960-8140,
448546202200408,http://www.animal.go.kr/files/shelter/2022/07/202208011808845_s.jpg,8/1/2022,수동면 서평마을,[개] 믹스견,흰색,2022(년생),5(Kg),경남-함양-2022-00142,8/1/2022,8/11/2022,http://www.animal.go.kr/files/shelter/2022/07/202208011808845.jpeg,보호중,F,N,"암컷, 믹스견, 생후 1년 미만 추정, 약 5kg정도, 온순함",함양군위탁보호소,055-960-8143,"경상남도 함양군 함양읍 함양남서로 996-76 (함양읍, 농업기술센터)",경상남도 함양군,,055-960-8140,
448546202200407,http://www.animal.go.kr/files/shelter/2022/07/202208011808508_s.jpg,8/1/2022,수동면 서평마을,[개] 믹스견,흰색,2016(년생),12(Kg),경남-함양-2022-00141,8/1/2022,8/11/2022,http://www.animal.go.kr/files/shelter/2022/07/202208011808508.jpeg,보호중,F,N,"암컷, 믹스견, 흰색, 약 6살 정도, 약 12kg, 온순함",함양군위탁보호소,055-960-8143,"경상남도 함양군 함양읍 함양남서로 996-76 (함양읍, 농업기술센터)",경상남도 함양군,,055-960-8140,
448546202200406,http://www.animal.go.kr/files/shelter/2022/07/202208011808651_s.jpg,8/1/2022,수동면 서평마을,[개] 믹스견,"흰색, 연한 갈색",2018(년생),8(Kg),경남-함양-2022-00140,8/1/2022,8/11/2022,http://www.animal.go.kr/files/shelter/2022/07/202208011808651.jpeg,보호중,F,N,"믹스견, 흰색과 연한갈색 섞여있음, 약 4살정도, 약 8kg정도, 온순함",함양군위탁보호소,055-960-8143,"경상남도 함양군 함양읍 함양남서로 996-76 (함양읍, 농업기술센터)",경상남도 함양군,,055-960-8140,
448546202200405,http://www.animal.go.kr/files/shelter/2022/07/202208011808713_s.jpg,8/1/2022,수동면 서평마을,[개] 믹스견,"검은색, 흰색",2018(년생),10(Kg),경남-함양-2022-00139,8/1/2022,8/11/2022,http://www.animal.go.kr/files/shelter/2022/07/202208011808713.jpeg,보호중,M,N,"수컷, 믹스견, 검은색 흰색 섞여있음, 약 4살정도, 약 10kg 정도, 온순함",함양군위탁보호소,055-960-8143,"경상남도 함양군 함양읍 함양남서로 996-76 (함양읍, 농업기술센터)",경상남도 함양군,,055-960-8140,
448546202200404,http://www.animal.go.kr/files/shelter/2022/07/202208011808102_s.jpg,8/1/2022,수동면 서평마을,[개] 믹스견,"검은색, 은색",2017(년생),10(Kg),경남-함양-2022-00138,8/1/2022,8/11/2022,http://www.animal.go.kr/files/shelter/2022/07/202208011808102.jpeg,보호중,M,N,"수컷, 믹스견, 검은색 은색, 믹스견, 약 5살정도, 약 10kg 정도, 온순함",함양군위탁보호소,055-960-8143,"경상남도 함양군 함양읍 함양남서로 996-76 (함양읍, 농업기술센터)",경상남도 함양군,,055-960-8140,
448546202200403,http://www.animal.go.kr/files/shelter/2022/07/202208011708377_s.jpg,8/1/2022,수동면 서평마을,[개] 믹스견,갈색,2017(년생),10(Kg),경남-함양-2022-00137,8/1/2022,8/11/2022,http://www.animal.go.kr/files/shelter/2022/07/202208011708377.jpeg,보호중,F,N,"암컷, 믹스견, 갈색, 약 5살 정도, 약 10kg, 온순함",함양군위탁보호소,055-960-8143,"경상남도 함양군 함양읍 함양남서로 996-76 (함양읍, 농업기술센터)",경상남도 함양군,,055-960-8140,
448541202201260,http://www.animal.go.kr/files/shelter/2022/07/202208012108856_s.jpg,8/1/2022,대합면 신안,[개] 믹스견,노랑,2022(년생),2.5(Kg),경남-창녕-2022-00543,8/1/2022,8/11/2022,http://www.animal.go.kr/files/shelter/2022/07/202208012108856.jpg,보호중,F,N,동네 떠돌이 개,창녕 유기동물보호소,010-5488-5003,경상남도 창녕군 고암면 창밀로 335-26 (고암면) 고암면 억만리 28,경상남도 창녕군,창녕군,055-530-6103,
448541202201259,http://www.animal.go.kr/files/shelter/2022/07/202208012108211_s.jpg,8/1/2022,대합면 신안,[개] 믹스견,노랑,2022(년생),3(Kg),경남-창녕-2022-00542,8/1/2022,8/11/2022,http://www.animal.go.kr/files/shelter/2022/07/202208012108211.jpg,종료(자연사),M,N,동네 떠돌이 개 강아지,창녕 유기동물보호소,010-5488-5003,경상남도 창녕군 고암면 창밀로 335-26 (고암면) 고암면 억만리 28,경상남도 창녕군,창녕군,055-530-6103,
448541202201258,http://www.animal.go.kr/files/shelter/2022/07/202208012108732_s.jpg,8/1/2022,대지면 월계,[개] 믹스견,노랑,2022(년생),3(Kg),경남-창녕-2022-00541,8/1/2022,8/11/2022,http://www.animal.go.kr/files/shelter/2022/07/202208012108732.jpg,종료(자연사),F,N,동네 떠돌이 개 강아지,창녕 유기동물보호소,010-5488-5003,경상남도 창녕군 고암면 창밀로 335-26 (고암면) 고암면 억만리 28,경상남도 창녕군,창녕군,055-530-6103,
